timeStamp,elapsed,label,responseCode,responseMessage,threadName,dataType,success,failureMessage,bytes,sentBytes,grpThreads,allThreads,URL,Latency,IdleTime,Connect
1773052962925,742,GET_images_small,200,OK,TG_resize_100_threads 1-1,bin,true,,232642,339,3,3,https://edoandcode.com/images/small.jpg,382,0,201
1773052963667,295,GET_images_small,200,OK,TG_resize_100_threads 1-1,bin,true,,232642,339,4,4,https://edoandcode.com/images/small.jpg,191,0,0
1773052963229,745,GET_images_small,200,OK,TG_resize_100_threads 1-2,bin,true,,232642,339,4,4,https://edoandcode.com/images/small.jpg,341,0,175
1773052963974,375,GET_images_small,200,OK,TG_resize_100_threads 1-2,bin,true,,232642,339,5,5,https://edoandcode.com/images/small.jpg,221,0,0
1773052963535,891,GET_images_small,200,OK,TG_resize_100_threads 1-3,bin,true,,232642,339,5,5,https://edoandcode.com/images/small.jpg,433,0,187
1773052963963,476,GET_images_small,200,OK,TG_resize_100_threads 1-1,bin,true,,232642,339,5,5,https://edoandcode.com/images/small.jpg,146,0,0
1773052964349,257,GET_images_small,200,OK,TG_resize_100_threads 1-2,bin,true,,232642,339,6,6,https://edoandcode.com/images/small.jpg,147,0,0
1773052964427,309,GET_images_small,200,OK,TG_resize_100_threads 1-3,bin,true,,232642,339,6,6,https://edoandcode.com/images/small.jpg,204,0,0
1773052964607,336,GET_images_small,200,OK,TG_resize_100_threads 1-2,bin,true,,232642,339,7,7,https://edoandcode.com/images/small.jpg,231,0,0
1773052963840,1141,GET_images_small,200,OK,TG_resize_100_threads 1-4,bin,true,,232642,339,7,7,https://edoandcode.com/images/small.jpg,474,0,231
1773052964736,353,GET_images_small,200,OK,TG_resize_100_threads 1-3,bin,true,,232642,339,8,8,https://edoandcode.com/images/small.jpg,245,0,0
1773052964943,336,GET_images_small,200,OK,TG_resize_100_threads 1-2,bin,true,,232642,339,8,8,https://edoandcode.com/images/small.jpg,231,0,0
1773052964143,1331,GET_images_small,200,OK,TG_resize_100_threads 1-5,bin,true,,232649,339,9,9,https://edoandcode.com/images/small.jpg,595,0,278
1773052965278,344,GET_images_small,200,OK,TG_resize_100_threads 1-2,bin,true,,232642,339,9,9,https://edoandcode.com/images/small.jpg,239,0,0
1773052964448,1336,GET_images_small,200,OK,TG_resize_100_threads 1-6,bin,true,,232642,339,10,10,https://edoandcode.com/images/small.jpg,643,0,376
1773052964981,897,GET_images_small,200,OK,TG_resize_100_threads 1-4,bin,true,,232642,339,10,10,https://edoandcode.com/images/small.jpg,148,0,0
1773052965622,328,GET_images_small,200,OK,TG_resize_100_threads 1-2,bin,true,,232642,339,10,10,https://edoandcode.com/images/small.jpg,221,0,0
1773052964751,1295,GET_images_small,200,OK,TG_resize_100_threads 1-7,bin,true,,232642,339,11,11,https://edoandcode.com/images/small.jpg,608,0,370
1773052965473,698,GET_images_small,200,OK,TG_resize_100_threads 1-5,bin,true,,232642,339,11,11,https://edoandcode.com/images/small.jpg,251,0,0
1773052964439,1863,GET_images_small,200,OK,TG_resize_100_threads 1-1,bin,true,,232642,339,12,12,https://edoandcode.com/images/small.jpg,306,0,0
1773052965054,1641,GET_images_small,200,OK,TG_resize_100_threads 1-8,bin,true,,232642,339,13,13,https://edoandcode.com/images/small.jpg,664,0,403
1773052966171,659,GET_images_small,200,OK,TG_resize_100_threads 1-5,bin,true,,232642,339,13,13,https://edoandcode.com/images/small.jpg,282,0,0
1773052966046,788,GET_images_small,200,OK,TG_resize_100_threads 1-7,bin,true,,232642,339,13,13,https://edoandcode.com/images/small.jpg,287,0,0
1773052965783,1062,GET_images_small,200,OK,TG_resize_100_threads 1-6,bin,true,,232642,339,13,13,https://edoandcode.com/images/small.jpg,274,0,0
1773052965877,1053,GET_images_small,200,OK,TG_resize_100_threads 1-4,bin,true,,232642,339,14,14,https://edoandcode.com/images/small.jpg,232,0,0
1773052965662,1526,GET_images_small,200,OK,TG_resize_100_threads 1-10,bin,true,,232649,339,15,15,https://edoandcode.com/images/small.jpg,720,0,396
1773052966694,604,GET_images_small,200,OK,TG_resize_100_threads 1-8,bin,true,,232642,339,15,15,https://edoandcode.com/images/small.jpg,157,0,0
1773052966830,553,GET_images_small,200,OK,TG_resize_100_threads 1-5,bin,true,,232642,339,15,15,https://edoandcode.com/images/small.jpg,245,0,0
1773052965950,1560,GET_images_small,200,OK,TG_resize_100_threads 1-2,bin,true,,232642,339,16,16,https://edoandcode.com/images/small.jpg,222,0,0
1773052966301,1439,GET_images_small,200,OK,TG_resize_100_threads 1-1,bin,true,,232642,339,16,16,https://edoandcode.com/images/small.jpg,274,0,0
1773052966834,971,GET_images_small,200,OK,TG_resize_100_threads 1-7,bin,true,,232642,339,17,17,https://edoandcode.com/images/small.jpg,195,0,0
1773052966271,1731,GET_images_small,200,OK,TG_resize_100_threads 1-12,bin,true,,232642,339,17,17,https://edoandcode.com/images/small.jpg,688,0,486
1773052965089,2945,GET_images_small,200,OK,TG_resize_100_threads 1-3,bin,true,,232642,339,17,17,https://edoandcode.com/images/small.jpg,277,0,0
1773052967298,837,GET_images_small,200,OK,TG_resize_100_threads 1-8,bin,true,,232642,339,18,18,https://edoandcode.com/images/small.jpg,302,0,0
1773052966930,1554,GET_images_small,200,OK,TG_resize_100_threads 1-4,bin,true,,232642,339,19,19,https://edoandcode.com/images/small.jpg,304,0,0
1773052966845,1875,GET_images_small,200,OK,TG_resize_100_threads 1-6,bin,true,,232642,339,20,20,https://edoandcode.com/images/small.jpg,301,0,0
1773052967511,1232,GET_images_small,200,OK,TG_resize_100_threads 1-2,bin,true,,232642,339,20,20,https://edoandcode.com/images/small.jpg,311,0,0
1773052968033,740,GET_images_small,200,OK,TG_resize_100_threads 1-3,bin,true,,232642,339,20,20,https://edoandcode.com/images/small.jpg,304,0,0
1773052967383,1432,GET_images_small,200,OK,TG_resize_100_threads 1-5,bin,true,,232642,339,20,20,https://edoandcode.com/images/small.jpg,308,0,0
1773052965966,2931,GET_images_small,200,OK,TG_resize_100_threads 1-11,bin,true,,232642,339,20,20,https://edoandcode.com/images/small.jpg,824,0,490
1773052965358,3811,GET_images_small,200,OK,TG_resize_100_threads 1-9,bin,true,,232642,339,21,21,https://edoandcode.com/images/small.jpg,746,0,429
1773052967792,1588,GET_images_small,200,OK,TG_resize_100_threads 1-17,bin,true,,232642,339,22,22,https://edoandcode.com/images/small.jpg,703,0,481
1773052968743,710,GET_images_small,200,OK,TG_resize_100_threads 1-2,bin,true,,232642,339,22,22,https://edoandcode.com/images/small.jpg,212,0,0
1773052967805,1670,GET_images_small,200,OK,TG_resize_100_threads 1-7,bin,true,,232642,339,22,22,https://edoandcode.com/images/small.jpg,309,0,0
1773052968815,982,GET_images_small,200,OK,TG_resize_100_threads 1-5,bin,true,,232642,339,23,23,https://edoandcode.com/images/small.jpg,291,0,0
1773052969380,786,GET_images_small,200,OK,TG_resize_100_threads 1-17,bin,true,,232642,339,24,24,https://edoandcode.com/images/small.jpg,221,0,0
1773052968720,1453,GET_images_small,200,OK,TG_resize_100_threads 1-6,bin,true,,232642,339,24,24,https://edoandcode.com/images/small.jpg,230,0,0
1773052968484,1731,GET_images_small,200,OK,TG_resize_100_threads 1-4,bin,true,,232642,339,24,24,https://edoandcode.com/images/small.jpg,291,0,0
1773052969453,767,GET_images_small,200,OK,TG_resize_100_threads 1-2,bin,true,,232642,339,24,24,https://edoandcode.com/images/small.jpg,268,0,0
1773052968705,1627,GET_images_small,200,OK,TG_resize_100_threads 1-20,bin,true,,232642,339,25,25,https://edoandcode.com/images/small.jpg,689,0,434
1773052967740,2819,GET_images_small,200,OK,TG_resize_100_threads 1-1,bin,true,,232642,339,26,26,https://edoandcode.com/images/small.jpg,280,0,0
1773052969797,1034,GET_images_small,200,OK,TG_resize_100_threads 1-5,bin,true,,232642,339,26,26,https://edoandcode.com/images/small.jpg,281,0,0
1773052970167,871,GET_images_small,200,OK,TG_resize_100_threads 1-17,bin,true,,232642,339,27,27,https://edoandcode.com/images/small.jpg,318,0,0
1773052967188,4062,GET_images_small,200,OK,TG_resize_100_threads 1-10,bin,true,,232642,339,28,28,https://edoandcode.com/images/small.jpg,330,0,0
1773052968897,2589,GET_images_small,200,OK,TG_resize_100_threads 1-11,bin,true,,232642,339,29,29,https://edoandcode.com/images/small.jpg,331,0,0
1773052968773,2810,GET_images_small,200,OK,TG_resize_100_threads 1-3,bin,true,,232642,339,29,29,https://edoandcode.com/images/small.jpg,306,0,0
1773052968003,3688,GET_images_small,200,OK,TG_resize_100_threads 1-12,bin,true,,232642,339,29,29,https://edoandcode.com/images/small.jpg,1222,0,0
1773052969922,1847,GET_images_small,200,OK,TG_resize_100_threads 1-24,bin,true,,232649,339,30,30,https://edoandcode.com/images/small.jpg,856,0,518
1773052969313,2563,GET_images_small,200,OK,TG_resize_100_threads 1-22,bin,true,,232642,339,30,30,https://edoandcode.com/images/small.jpg,805,0,460
1773052969009,2879,GET_images_small,200,OK,TG_resize_100_threads 1-21,bin,true,,232642,339,30,30,https://edoandcode.com/images/small.jpg,795,0,470
1773052970332,1636,GET_images_small,200,OK,TG_resize_100_threads 1-20,bin,true,,232642,339,30,30,https://edoandcode.com/images/small.jpg,318,0,0
1773052969475,2497,GET_images_small,200,OK,TG_resize_100_threads 1-7,bin,true,,232642,339,30,30,https://edoandcode.com/images/small.jpg,300,0,0
1773052966880,5147,GET_images_small,200,OK,TG_resize_100_threads 1-14,bin,true,,232642,339,30,30,https://edoandcode.com/images/small.jpg,774,0,458
1773052970559,1632,GET_images_small,200,OK,TG_resize_100_threads 1-1,bin,true,,232642,339,31,31,https://edoandcode.com/images/small.jpg,291,0,0
1773052968097,4177,GET_images_small,200,OK,TG_resize_100_threads 1-18,bin,true,,232642,339,31,31,https://edoandcode.com/images/small.jpg,804,0,566
1773052970220,2364,GET_images_small,200,OK,TG_resize_100_threads 1-2,bin,true,,232642,339,32,32,https://edoandcode.com/images/small.jpg,322,0,0
1773052968135,4498,GET_images_small,200,OK,TG_resize_100_threads 1-8,bin,true,,232642,339,32,32,https://edoandcode.com/images/small.jpg,309,0,0
1773052971769,932,GET_images_small,200,OK,TG_resize_100_threads 1-24,bin,true,,232642,339,33,33,https://edoandcode.com/images/small.jpg,315,0,0
1773052971038,1664,GET_images_small,200,OK,TG_resize_100_threads 1-17,bin,true,,232642,339,33,33,https://edoandcode.com/images/small.jpg,347,0,0
1773052970215,2506,GET_images_small,200,OK,TG_resize_100_threads 1-4,bin,true,,232642,339,33,33,https://edoandcode.com/images/small.jpg,312,0,0
1773052971584,1385,GET_images_small,200,OK,TG_resize_100_threads 1-3,bin,true,,232642,339,34,34,https://edoandcode.com/images/small.jpg,316,0,0
1773052966576,6406,GET_images_small,200,OK,TG_resize_100_threads 1-13,bin,true,,232642,339,34,34,https://edoandcode.com/images/small.jpg,641,0,340
1773052969170,3812,GET_images_small,200,OK,TG_resize_100_threads 1-9,bin,true,,232642,339,34,34,https://edoandcode.com/images/small.jpg,231,0,0
1773052970531,2669,GET_images_small,200,OK,TG_resize_100_threads 1-26,bin,true,,232649,339,34,34,https://edoandcode.com/images/small.jpg,833,0,510
1773052971140,2441,GET_images_small,200,OK,TG_resize_100_threads 1-28,bin,true,,232649,339,36,36,https://edoandcode.com/images/small.jpg,856,0,558
1773052971889,1704,GET_images_small,200,OK,TG_resize_100_threads 1-21,bin,true,,232642,339,36,36,https://edoandcode.com/images/small.jpg,329,0,0
1773052972584,1116,GET_images_small,200,OK,TG_resize_100_threads 1-2,bin,true,,232642,339,36,36,https://edoandcode.com/images/small.jpg,302,0,0
1773052971968,1869,GET_images_small,200,OK,TG_resize_100_threads 1-20,bin,true,,232642,339,36,36,https://edoandcode.com/images/small.jpg,323,0,0
1773052972191,1671,GET_images_small,200,OK,TG_resize_100_threads 1-1,bin,true,,232642,339,36,36,https://edoandcode.com/images/small.jpg,364,0,0
1773052971487,2375,GET_images_small,200,OK,TG_resize_100_threads 1-11,bin,true,,232642,339,36,36,https://edoandcode.com/images/small.jpg,318,0,0
1773052971748,2150,GET_images_small,200,OK,TG_resize_100_threads 1-30,bin,true,,232649,339,37,37,https://edoandcode.com/images/small.jpg,890,0,567
1773052970831,3104,GET_images_small,200,OK,TG_resize_100_threads 1-5,bin,true,,232642,339,37,37,https://edoandcode.com/images/small.jpg,336,0,0
1773052972701,1312,GET_images_small,200,OK,TG_resize_100_threads 1-24,bin,true,,232642,339,37,37,https://edoandcode.com/images/small.jpg,285,0,0
1773052972970,1084,GET_images_small,200,OK,TG_resize_100_threads 1-3,bin,true,,232642,339,37,37,https://edoandcode.com/images/small.jpg,323,0,0
1773052972355,1763,GET_images_small,200,OK,TG_resize_100_threads 1-32,bin,true,,232649,339,37,37,https://edoandcode.com/images/small.jpg,853,0,527
1773052970174,4402,GET_images_small,200,OK,TG_resize_100_threads 1-6,bin,true,,232642,339,39,39,https://edoandcode.com/images/small.jpg,270,0,0
1773052970226,4458,GET_images_small,200,OK,TG_resize_100_threads 1-25,bin,true,,232642,339,39,39,https://edoandcode.com/images/small.jpg,841,0,526
1773052972275,2484,GET_images_small,200,OK,TG_resize_100_threads 1-18,bin,true,,232642,339,39,39,https://edoandcode.com/images/small.jpg,333,0,0
1773052973581,1270,GET_images_small,200,OK,TG_resize_100_threads 1-28,bin,true,,232642,339,40,40,https://edoandcode.com/images/small.jpg,282,0,0
1773052973862,1141,GET_images_small,200,OK,TG_resize_100_threads 1-1,bin,true,,232642,339,40,40,https://edoandcode.com/images/small.jpg,340,0,0
1773052973201,1814,GET_images_small,200,OK,TG_resize_100_threads 1-26,bin,true,,232642,339,40,40,https://edoandcode.com/images/small.jpg,325,0,0
1773052973700,1388,GET_images_small,200,OK,TG_resize_100_threads 1-2,bin,true,,232642,339,41,41,https://edoandcode.com/images/small.jpg,315,0,0
1773052974013,1119,GET_images_small,200,OK,TG_resize_100_threads 1-24,bin,true,,232642,339,41,41,https://edoandcode.com/images/small.jpg,300,0,0
1773052967488,7672,GET_images_small,200,OK,TG_resize_100_threads 1-16,bin,true,,232642,339,41,41,https://edoandcode.com/images/small.jpg,845,0,494
1773052973898,1934,GET_images_small,200,OK,TG_resize_100_threads 1-30,bin,true,,232642,339,43,43,https://edoandcode.com/images/small.jpg,340,0,0
1773052975015,1319,GET_images_small,200,OK,TG_resize_100_threads 1-26,bin,true,,232642,339,45,45,https://edoandcode.com/images/small.jpg,280,0,0
1773052974175,2371,GET_images_small,200,OK,TG_resize_100_threads 1-38,bin,true,,232649,339,45,45,https://edoandcode.com/images/small.jpg,835,0,516
1773052974684,1862,GET_images_small,200,OK,TG_resize_100_threads 1-25,bin,true,,232642,339,45,45,https://edoandcode.com/images/small.jpg,302,0,0
1773052973837,2734,GET_images_small,200,OK,TG_resize_100_threads 1-20,bin,true,,232642,339,45,45,https://edoandcode.com/images/small.jpg,287,0,0
1773052975003,1639,GET_images_small,200,OK,TG_resize_100_threads 1-1,bin,true,,232642,339,46,46,https://edoandcode.com/images/small.jpg,324,0,0
1773052975088,1610,GET_images_small,200,OK,TG_resize_100_threads 1-2,bin,true,,232642,339,46,46,https://edoandcode.com/images/small.jpg,299,0,0
1773052973870,2867,GET_images_small,200,OK,TG_resize_100_threads 1-37,bin,true,,232649,339,46,46,https://edoandcode.com/images/small.jpg,802,0,499
1773052974054,2729,GET_images_small,200,OK,TG_resize_100_threads 1-3,bin,true,,232642,339,46,46,https://edoandcode.com/images/small.jpg,323,0,0
1773052974478,2899,GET_images_small,200,OK,TG_resize_100_threads 1-39,bin,true,,232642,339,48,48,https://edoandcode.com/images/small.jpg,773,0,469
1773052975389,2221,GET_images_small,200,OK,TG_resize_100_threads 1-42,bin,true,,232642,339,49,49,https://edoandcode.com/images/small.jpg,853,0,527
1773052974782,2835,GET_images_small,200,OK,TG_resize_100_threads 1-40,bin,true,,232642,339,49,49,https://edoandcode.com/images/small.jpg,893,0,581
1773052973264,4362,GET_images_small,200,OK,TG_resize_100_threads 1-35,bin,true,,232649,339,49,49,https://edoandcode.com/images/small.jpg,778,0,478
1773052972982,4666,GET_images_small,200,OK,TG_resize_100_threads 1-13,bin,true,,232642,339,49,49,https://edoandcode.com/images/small.jpg,277,0,0
1773052972052,5727,GET_images_small,200,OK,TG_resize_100_threads 1-31,bin,true,,232649,339,49,49,https://edoandcode.com/images/small.jpg,4353,0,3829
1773052975692,2231,GET_images_small,200,OK,TG_resize_100_threads 1-43,bin,true,,232642,339,50,50,https://edoandcode.com/images/small.jpg,887,0,575
1773052976643,1362,GET_images_small,200,OK,TG_resize_100_threads 1-1,bin,true,,232642,339,50,50,https://edoandcode.com/images/small.jpg,300,0,0
1773052975833,2204,GET_images_small,200,OK,TG_resize_100_threads 1-30,bin,true,,232642,339,50,50,https://edoandcode.com/images/small.jpg,329,0,0
1773052974759,3358,GET_images_small,200,OK,TG_resize_100_threads 1-18,bin,true,,232642,339,50,50,https://edoandcode.com/images/small.jpg,337,0,0
1773052971972,6150,GET_images_small,200,OK,TG_resize_100_threads 1-7,bin,true,,232642,339,51,51,https://edoandcode.com/images/small.jpg,277,0,0
1773052970836,7330,GET_images_small,200,OK,TG_resize_100_threads 1-27,bin,true,,232649,339,51,51,https://edoandcode.com/images/small.jpg,1080,0,516
1773052969618,8558,GET_images_small,200,OK,TG_resize_100_threads 1-23,bin,true,,232642,339,51,51,https://edoandcode.com/images/small.jpg,1317,0,555
1773052976547,1679,GET_images_small,200,OK,TG_resize_100_threads 1-38,bin,true,,232642,339,51,51,https://edoandcode.com/images/small.jpg,320,0,0
1773052973566,4717,GET_images_small,200,OK,TG_resize_100_threads 1-36,bin,true,,232642,339,51,51,https://edoandcode.com/images/small.jpg,1062,0,495
1773052971691,6710,GET_images_small,200,OK,TG_resize_100_threads 1-12,bin,true,,232642,339,51,51,https://edoandcode.com/images/small.jpg,312,0,0
1773052976699,1956,GET_images_small,200,OK,TG_resize_100_threads 1-2,bin,true,,232642,339,52,52,https://edoandcode.com/images/small.jpg,319,0,0
1773052976335,2829,GET_images_small,200,OK,TG_resize_100_threads 1-26,bin,true,,232642,339,54,54,https://edoandcode.com/images/small.jpg,308,0,0
1773052975133,4102,GET_images_small,200,OK,TG_resize_100_threads 1-24,bin,true,,232642,339,54,54,https://edoandcode.com/images/small.jpg,318,0,0
1773052968401,10893,GET_images_small,200,OK,TG_resize_100_threads 1-19,bin,true,,232649,339,54,54,https://edoandcode.com/images/small.jpg,966,0,436
1773052977212,2166,GET_images_small,200,OK,TG_resize_100_threads 1-48,bin,true,,232642,339,55,55,https://edoandcode.com/images/small.jpg,820,0,573
1773052972659,6956,GET_images_small,200,OK,TG_resize_100_threads 1-33,bin,true,,232649,339,55,55,https://edoandcode.com/images/small.jpg,2003,0,1465
1773052977378,2697,GET_images_small,200,OK,TG_resize_100_threads 1-39,bin,true,,232642,339,57,57,https://edoandcode.com/images/small.jpg,303,0,0
1773052977780,2454,GET_images_small,200,OK,TG_resize_100_threads 1-31,bin,true,,232642,339,57,57,https://edoandcode.com/images/small.jpg,257,0,0
1773052978005,2632,GET_images_small,200,OK,TG_resize_100_threads 1-1,bin,true,,232642,339,59,59,https://edoandcode.com/images/small.jpg,325,0,0
1773052973593,7175,GET_images_small,200,OK,TG_resize_100_threads 1-21,bin,true,,232642,339,59,59,https://edoandcode.com/images/small.jpg,315,0,0
1773052978729,2150,GET_images_small,200,OK,TG_resize_100_threads 1-53,bin,true,,232649,339,60,60,https://edoandcode.com/images/small.jpg,848,0,524
1773052976738,4163,GET_images_small,200,OK,TG_resize_100_threads 1-37,bin,true,,232642,339,60,60,https://edoandcode.com/images/small.jpg,1383,0,0
1773052975997,5172,GET_images_small,200,OK,TG_resize_100_threads 1-44,bin,true,,232642,339,61,61,https://edoandcode.com/images/small.jpg,1906,0,1565
1773052974576,6685,GET_images_small,200,OK,TG_resize_100_threads 1-6,bin,true,,232642,339,61,61,https://edoandcode.com/images/small.jpg,329,0,0
1773052978655,2705,GET_images_small,200,OK,TG_resize_100_threads 1-2,bin,true,,232642,339,61,61,https://edoandcode.com/images/small.jpg,340,0,0
1773052973862,7641,GET_images_small,200,OK,TG_resize_100_threads 1-11,bin,true,,232642,339,62,62,https://edoandcode.com/images/small.jpg,301,0,0
1773052978118,3700,GET_images_small,200,OK,TG_resize_100_threads 1-18,bin,true,,232642,339,63,63,https://edoandcode.com/images/small.jpg,337,0,0
1773052977611,4268,GET_images_small,200,OK,TG_resize_100_threads 1-42,bin,true,,232642,339,63,63,https://edoandcode.com/images/small.jpg,2073,0,0
1773052967184,14831,GET_images_small,200,OK,TG_resize_100_threads 1-15,bin,true,,232642,339,63,63,https://edoandcode.com/images/small.jpg,6638,0,6161
1773052977923,4361,GET_images_small,200,OK,TG_resize_100_threads 1-43,bin,true,,232642,339,64,64,https://edoandcode.com/images/small.jpg,295,0,0
1773052976300,6028,GET_images_small,200,OK,TG_resize_100_threads 1-45,bin,true,,232649,339,64,64,https://edoandcode.com/images/small.jpg,842,0,533
1773052980637,1720,GET_images_small,200,OK,TG_resize_100_threads 1-1,bin,true,,232642,339,64,64,https://edoandcode.com/images/small.jpg,340,0,0
1773052978226,4182,GET_images_small,200,OK,TG_resize_100_threads 1-38,bin,true,,232642,339,65,65,https://edoandcode.com/images/small.jpg,302,0,0
1773052975085,7411,GET_images_small,200,OK,TG_resize_100_threads 1-41,bin,true,,232642,339,65,65,https://edoandcode.com/images/small.jpg,829,0,523
1773052979944,2677,GET_images_small,200,OK,TG_resize_100_threads 1-57,bin,true,,232649,339,65,65,https://edoandcode.com/images/small.jpg,898,0,570
1773052978037,4589,GET_images_small,200,OK,TG_resize_100_threads 1-30,bin,true,,232642,339,65,65,https://edoandcode.com/images/small.jpg,313,0,0
1773052979378,3294,GET_images_small,200,OK,TG_resize_100_threads 1-48,bin,true,,232642,339,66,66,https://edoandcode.com/images/small.jpg,332,0,0
1773052978177,4502,GET_images_small,200,OK,TG_resize_100_threads 1-23,bin,true,,232649,339,66,66,https://edoandcode.com/images/small.jpg,332,0,0
1773052972634,10186,GET_images_small,200,OK,TG_resize_100_threads 1-8,bin,true,,232642,339,66,66,https://edoandcode.com/images/small.jpg,298,0,0
1773052979237,3801,GET_images_small,200,OK,TG_resize_100_threads 1-24,bin,true,,232642,339,67,67,https://edoandcode.com/images/small.jpg,325,0,0
1773052977618,5796,GET_images_small,200,OK,TG_resize_100_threads 1-40,bin,true,,232642,339,68,68,https://edoandcode.com/images/small.jpg,345,0,0
1773052977818,5807,GET_images_small,200,OK,TG_resize_100_threads 1-50,bin,true,,232642,339,69,69,https://edoandcode.com/images/small.jpg,775,0,463
1773052980247,3390,GET_images_small,200,OK,TG_resize_100_threads 1-58,bin,true,,232649,339,69,69,https://edoandcode.com/images/small.jpg,893,0,572
1773052979034,4654,GET_images_small,200,OK,TG_resize_100_threads 1-54,bin,true,,232649,339,69,69,https://edoandcode.com/images/small.jpg,851,0,513
1773052980075,3616,GET_images_small,200,OK,TG_resize_100_threads 1-39,bin,true,,232642,339,69,69,https://edoandcode.com/images/small.jpg,351,0,0
1773052982621,1152,GET_images_small,200,OK,TG_resize_100_threads 1-57,bin,true,,232642,339,69,69,https://edoandcode.com/images/small.jpg,302,0,0
1773052980879,2996,GET_images_small,200,OK,TG_resize_100_threads 1-53,bin,true,,232642,339,69,69,https://edoandcode.com/images/small.jpg,316,0,0
1773052979617,4301,GET_images_small,200,OK,TG_resize_100_threads 1-33,bin,true,,232642,339,70,70,https://edoandcode.com/images/small.jpg,320,0,0
1773052978168,5838,GET_images_small,200,OK,TG_resize_100_threads 1-27,bin,true,,232642,339,70,70,https://edoandcode.com/images/small.jpg,311,0,0
1773052971877,12589,GET_images_small,200,OK,TG_resize_100_threads 1-22,bin,true,,232642,339,71,71,https://edoandcode.com/images/small.jpg,324,0,0
1773052982357,2288,GET_images_small,200,OK,TG_resize_100_threads 1-1,bin,true,,232642,339,72,72,https://edoandcode.com/images/small.jpg,276,0,0
1773052982679,2004,GET_images_small,200,OK,TG_resize_100_threads 1-23,bin,true,,232649,339,72,72,https://edoandcode.com/images/small.jpg,317,0,0
1773052982672,2221,GET_images_small,200,OK,TG_resize_100_threads 1-48,bin,true,,232642,339,73,73,https://edoandcode.com/images/small.jpg,293,0,0
1773052982368,2735,GET_images_small,200,OK,TG_resize_100_threads 1-65,bin,true,,232649,339,74,74,https://edoandcode.com/images/small.jpg,857,0,518
1773052983773,1437,GET_images_small,200,OK,TG_resize_100_threads 1-57,bin,true,,232642,339,74,74,https://edoandcode.com/images/small.jpg,301,0,0
1773052981360,4109,GET_images_small,200,OK,TG_resize_100_threads 1-2,bin,true,,232642,339,75,75,https://edoandcode.com/images/small.jpg,311,0,0
1773052972721,12864,GET_images_small,200,OK,TG_resize_100_threads 1-4,bin,true,,232642,339,75,75,https://edoandcode.com/images/small.jpg,1287,0,0
1773052979642,6195,GET_images_small,200,OK,TG_resize_100_threads 1-56,bin,true,,232649,339,76,76,https://edoandcode.com/images/small.jpg,919,0,577
1773052980549,5325,GET_images_small,200,OK,TG_resize_100_threads 1-59,bin,true,,232642,339,76,76,https://edoandcode.com/images/small.jpg,892,0,550
1773052983688,2215,GET_images_small,200,OK,TG_resize_100_threads 1-54,bin,true,,232642,339,76,76,https://edoandcode.com/images/small.jpg,291,0,0
1773052982672,3508,GET_images_small,200,OK,TG_resize_100_threads 1-66,bin,true,,232649,339,77,77,https://edoandcode.com/images/small.jpg,1924,0,1572
1773052981169,5016,GET_images_small,200,OK,TG_resize_100_threads 1-44,bin,true,,232642,339,77,77,https://edoandcode.com/images/small.jpg,325,0,0
1773052984645,1765,GET_images_small,200,OK,TG_resize_100_threads 1-1,bin,true,,232642,339,78,78,https://edoandcode.com/images/small.jpg,348,0,0
1773052976547,9998,GET_images_small,200,OK,TG_resize_100_threads 1-25,bin,true,,232642,339,78,78,https://edoandcode.com/images/small.jpg,1883,0,0
1773052980234,6337,GET_images_small,200,OK,TG_resize_100_threads 1-31,bin,true,,232642,339,78,78,https://edoandcode.com/images/small.jpg,1415,0,0
1773052983275,3687,GET_images_small,200,OK,TG_resize_100_threads 1-68,bin,true,,232649,339,80,80,https://edoandcode.com/images/small.jpg,872,0,548
1773052982973,3996,GET_images_small,200,OK,TG_resize_100_threads 1-67,bin,true,,232649,339,80,80,https://edoandcode.com/images/small.jpg,938,0,582
1773052984182,2792,GET_images_small,200,OK,TG_resize_100_threads 1-71,bin,true,,232642,339,80,80,https://edoandcode.com/images/small.jpg,892,0,556
1773052977628,9611,GET_images_small,200,OK,TG_resize_100_threads 1-35,bin,true,,232642,339,81,81,https://edoandcode.com/images/small.jpg,328,0,0
1773052978284,9084,GET_images_small,200,OK,TG_resize_100_threads 1-36,bin,true,,232649,339,81,81,https://edoandcode.com/images/small.jpg,1306,0,0
1773052976908,10509,GET_images_small,200,OK,TG_resize_100_threads 1-47,bin,true,,232649,339,81,81,https://edoandcode.com/images/small.jpg,2699,0,2181
1773052982409,5064,GET_images_small,200,OK,TG_resize_100_threads 1-38,bin,true,,232642,339,81,81,https://edoandcode.com/images/small.jpg,287,0,0
1773052981763,5712,GET_images_small,200,OK,TG_resize_100_threads 1-63,bin,true,,232649,339,81,81,https://edoandcode.com/images/small.jpg,828,0,538
1773052972982,14520,GET_images_small,200,OK,TG_resize_100_threads 1-9,bin,true,,232642,339,81,81,https://edoandcode.com/images/small.jpg,1341,0,0
1773052981879,5886,GET_images_small,200,OK,TG_resize_100_threads 1-42,bin,true,,232642,339,82,82,https://edoandcode.com/images/small.jpg,333,0,0
1773052974118,13721,GET_images_small,200,OK,TG_resize_100_threads 1-32,bin,true,,232642,339,83,83,https://edoandcode.com/images/small.jpg,307,0,0
1773052985211,2996,GET_images_small,200,OK,TG_resize_100_threads 1-57,bin,true,,232642,339,84,84,https://edoandcode.com/images/small.jpg,333,0,0
1773052982821,5543,GET_images_small,200,OK,TG_resize_100_threads 1-8,bin,true,,232642,339,84,84,https://edoandcode.com/images/small.jpg,351,0,0
1773052979339,9040,GET_images_small,200,OK,TG_resize_100_threads 1-55,bin,true,,232649,339,84,84,https://edoandcode.com/images/small.jpg,890,0,535
1773052976604,12031,GET_images_small,200,OK,TG_resize_100_threads 1-46,bin,true,,232642,339,85,85,https://edoandcode.com/images/small.jpg,2372,0,1527
1773052984786,4161,GET_images_small,200,OK,TG_resize_100_threads 1-73,bin,true,,232649,339,86,86,https://edoandcode.com/images/small.jpg,902,0,574
1773052971447,17567,GET_images_small,200,OK,TG_resize_100_threads 1-29,bin,true,,232642,339,86,86,https://edoandcode.com/images/small.jpg,1359,0,541
1773052980901,8149,GET_images_small,200,OK,TG_resize_100_threads 1-37,bin,true,,232642,339,87,87,https://edoandcode.com/images/small.jpg,1887,0,0
1773052981262,7798,GET_images_small,200,OK,TG_resize_100_threads 1-6,bin,true,,232642,339,87,87,https://edoandcode.com/images/small.jpg,315,0,0
1773052972028,17059,GET_images_small,200,OK,TG_resize_100_threads 1-14,bin,true,,232642,339,87,87,https://edoandcode.com/images/small.jpg,2904,0,0
1773052986600,2528,GET_images_small,200,OK,TG_resize_100_threads 1-79,bin,true,,232642,339,87,87,https://edoandcode.com/images/small.jpg,944,0,585
1773052982328,6922,GET_images_small,200,OK,TG_resize_100_threads 1-45,bin,true,,232642,339,87,87,https://edoandcode.com/images/small.jpg,285,0,0
1773052986297,2962,GET_images_small,200,OK,TG_resize_100_threads 1-78,bin,true,,232649,339,87,87,https://edoandcode.com/images/small.jpg,849,0,550
1773052979295,10191,GET_images_small,200,OK,TG_resize_100_threads 1-19,bin,true,,232649,339,88,88,https://edoandcode.com/images/small.jpg,297,0,0
1773052984893,4873,GET_images_small,200,OK,TG_resize_100_threads 1-48,bin,true,,232642,339,89,89,https://edoandcode.com/images/small.jpg,347,0,0
1773052984007,5971,GET_images_small,200,OK,TG_resize_100_threads 1-27,bin,true,,232649,339,90,90,https://edoandcode.com/images/small.jpg,313,0,0
1773052986410,3681,GET_images_small,200,OK,TG_resize_100_threads 1-1,bin,true,,232642,339,90,90,https://edoandcode.com/images/small.jpg,323,0,0
1773052972702,17671,GET_images_small,200,OK,TG_resize_100_threads 1-17,bin,true,,232642,339,91,91,https://edoandcode.com/images/small.jpg,336,0,0
1773052982626,7822,GET_images_small,200,OK,TG_resize_100_threads 1-30,bin,true,,232642,339,91,91,https://edoandcode.com/images/small.jpg,1349,0,0
1773052986180,4285,GET_images_small,200,OK,TG_resize_100_threads 1-66,bin,true,,232642,339,91,91,https://edoandcode.com/images/small.jpg,1490,0,0
1773052986901,3688,GET_images_small,200,OK,TG_resize_100_threads 1-80,bin,true,,232649,339,92,92,https://edoandcode.com/images/small.jpg,871,0,565
1773052982017,8817,GET_images_small,200,OK,TG_resize_100_threads 1-15,bin,true,,232649,339,93,93,https://edoandcode.com/images/small.jpg,314,0,0
1773052983691,7192,GET_images_small,200,OK,TG_resize_100_threads 1-39,bin,true,,232642,339,93,93,https://edoandcode.com/images/small.jpg,300,0,0
1773052971250,19634,GET_images_small,200,OK,TG_resize_100_threads 1-10,bin,true,,232642,339,93,93,https://edoandcode.com/images/small.jpg,1507,0,0
1773052981818,9624,GET_images_small,200,OK,TG_resize_100_threads 1-18,bin,true,,232642,339,95,95,https://edoandcode.com/images/small.jpg,340,0,0
1773052978402,13324,GET_images_small,200,OK,TG_resize_100_threads 1-12,bin,true,,232642,339,95,95,https://edoandcode.com/images/small.jpg,296,0,0
1773052977514,14259,GET_images_small,200,OK,TG_resize_100_threads 1-49,bin,true,,232642,339,96,96,https://edoandcode.com/images/small.jpg,2383,0,496
1773052973935,17903,GET_images_small,200,OK,TG_resize_100_threads 1-5,bin,true,,232642,339,96,96,https://edoandcode.com/images/small.jpg,1945,0,0
1773052976784,15150,GET_images_small,200,OK,TG_resize_100_threads 1-3,bin,true,,232642,339,96,96,https://edoandcode.com/images/small.jpg,1478,0,0
1773052979164,12946,GET_images_small,200,OK,TG_resize_100_threads 1-26,bin,true,,232642,339,97,97,https://edoandcode.com/images/small.jpg,577,0,0
1773052981504,10674,GET_images_small,200,OK,TG_resize_100_threads 1-11,bin,true,,232642,339,97,97,https://edoandcode.com/images/small.jpg,331,0,0
1773052982497,9710,GET_images_small,200,OK,TG_resize_100_threads 1-41,bin,true,,232642,339,97,97,https://edoandcode.com/images/small.jpg,350,0,0
1773052988111,4245,GET_images_small,200,OK,TG_resize_100_threads 1-84,bin,true,,232649,339,98,98,https://edoandcode.com/images/small.jpg,908,0,566
1773052986571,5846,GET_images_small,200,OK,TG_resize_100_threads 1-31,bin,true,,232642,339,98,98,https://edoandcode.com/images/small.jpg,344,0,0
1773052987506,4943,GET_images_small,200,OK,TG_resize_100_threads 1-82,bin,true,,232649,339,98,98,https://edoandcode.com/images/small.jpg,876,0,557
1773052989624,2847,GET_images_small,200,OK,TG_resize_100_threads 1-89,bin,true,,232649,339,98,98,https://edoandcode.com/images/small.jpg,965,0,627
1773052983625,8870,GET_images_small,200,OK,TG_resize_100_threads 1-50,bin,true,,232642,339,98,98,https://edoandcode.com/images/small.jpg,335,0,0
1773052976572,15931,GET_images_small,200,OK,TG_resize_100_threads 1-20,bin,true,,232642,339,98,98,https://edoandcode.com/images/small.jpg,1338,0,0
1773052980853,11774,GET_images_small,200,OK,TG_resize_100_threads 1-60,bin,true,,232649,339,98,98,https://edoandcode.com/images/small.jpg,1344,0,549
1773052990091,2553,GET_images_small,200,OK,TG_resize_100_threads 1-1,bin,true,,232642,339,99,99,https://edoandcode.com/images/small.jpg,339,0,0
1773052989259,3434,GET_images_small,200,OK,TG_resize_100_threads 1-78,bin,true,,232642,339,99,99,https://edoandcode.com/images/small.jpg,1492,0,0
1773052978123,14906,GET_images_small,200,OK,TG_resize_100_threads 1-7,bin,true,,232642,339,100,100,https://edoandcode.com/images/small.jpg,1275,0,0
1773052983414,9674,GET_images_small,200,OK,TG_resize_100_threads 1-40,bin,true,,232642,339,100,100,https://edoandcode.com/images/small.jpg,351,0,0
1773052990465,2627,GET_images_small,200,OK,TG_resize_100_threads 1-66,bin,true,,232642,339,100,100,https://edoandcode.com/images/small.jpg,307,0,0
1773052991772,1398,GET_images_small,200,OK,TG_resize_100_threads 1-49,bin,true,,232642,339,100,100,https://edoandcode.com/images/small.jpg,288,0,0
1773052989322,4222,GET_images_small,200,OK,TG_resize_100_threads 1-88,bin,true,,232642,339,100,100,https://edoandcode.com/images/small.jpg,1901,0,1569
1773052988207,5819,GET_images_small,200,OK,TG_resize_100_threads 1-57,bin,true,,232642,339,100,100,https://edoandcode.com/images/small.jpg,348,0,0
1773052989021,5092,GET_images_small,200,OK,TG_resize_100_threads 1-87,bin,true,,232649,339,100,100,https://edoandcode.com/images/small.jpg,829,0,510
1773052991430,3071,GET_images_small,200,OK,TG_resize_100_threads 1-95,bin,true,,232642,339,100,100,https://edoandcode.com/images/small.jpg,876,0,551
1773052993170,1336,GET_images_small,200,OK,TG_resize_100_threads 1-49,bin,true,,232642,339,100,100,https://edoandcode.com/images/small.jpg,374,0,0
1773052983919,10589,GET_images_small,200,OK,TG_resize_100_threads 1-33,bin,true,,232649,339,100,100,https://edoandcode.com/images/small.jpg,314,0,0
1773052985391,9118,GET_images_small,200,OK,TG_resize_100_threads 1-75,bin,true,,232642,339,100,100,https://edoandcode.com/images/small.jpg,1361,0,542
1773052972961,21624,GET_images_small,200,OK,TG_resize_100_threads 1-34,bin,true,,232649,339,100,100,https://edoandcode.com/images/small.jpg,4114,0,2784
1773052991730,2916,GET_images_small,200,OK,TG_resize_100_threads 1-96,bin,true,,232649,339,100,100,https://edoandcode.com/images/small.jpg,840,0,536
1773052985088,9900,GET_images_small,200,OK,TG_resize_100_threads 1-74,bin,true,,232642,339,100,100,https://edoandcode.com/images/small.jpg,2119,0,1554
1773052990829,4160,GET_images_small,200,OK,TG_resize_100_threads 1-93,bin,true,,232649,339,100,100,https://edoandcode.com/images/small.jpg,1871,0,1550
1773052987475,7988,GET_images_small,200,OK,TG_resize_100_threads 1-63,bin,true,,232642,339,100,100,https://edoandcode.com/images/small.jpg,316,0,0
1773052982284,13778,GET_images_small,200,OK,TG_resize_100_threads 1-43,bin,true,,232642,339,100,100,https://edoandcode.com/images/small.jpg,317,0,0
1773052985693,10369,GET_images_small,200,OK,TG_resize_100_threads 1-76,bin,true,,232649,339,100,100,https://edoandcode.com/images/small.jpg,1716,0,1388
1773052985470,10593,GET_images_small,200,OK,TG_resize_100_threads 1-2,bin,true,,232642,339,100,100,https://edoandcode.com/images/small.jpg,329,0,0
1773052988947,7116,GET_images_small,200,OK,TG_resize_100_threads 1-73,bin,true,,232642,339,100,100,https://edoandcode.com/images/small.jpg,288,0,0
1773052989128,6944,GET_images_small,200,OK,TG_resize_100_threads 1-79,bin,true,,232642,339,100,100,https://edoandcode.com/images/small.jpg,322,0,0
1773052985104,11566,GET_images_small,200,OK,TG_resize_100_threads 1-65,bin,true,,232642,339,100,100,https://edoandcode.com/images/small.jpg,345,0,0
1773052992029,4651,GET_images_small,200,OK,TG_resize_100_threads 1-97,bin,true,,232649,339,100,100,https://edoandcode.com/images/small.jpg,2478,0,1997
1773052981459,15225,GET_images_small,200,OK,TG_resize_100_threads 1-62,bin,true,,232642,339,100,100,https://edoandcode.com/images/small.jpg,3829,0,2156
1773052994989,1786,GET_images_small,200,OK,TG_resize_100_threads 1-93,bin,true,,232642,339,100,100,https://edoandcode.com/images/small.jpg,496,0,0
1773052984484,12794,GET_images_small,200,OK,TG_resize_100_threads 1-72,bin,true,,232642,339,100,100,https://edoandcode.com/images/small.jpg,1742,0,1377
1773052980769,16509,GET_images_small,200,OK,TG_resize_100_threads 1-21,bin,true,,232642,339,100,100,https://edoandcode.com/images/small.jpg,317,0,0
1773052981156,16124,GET_images_small,200,OK,TG_resize_100_threads 1-61,bin,true,,232649,339,100,100,https://edoandcode.com/images/small.jpg,863,0,542
1773052992327,4953,GET_images_small,200,OK,TG_resize_100_threads 1-98,bin,true,,232649,339,100,100,https://edoandcode.com/images/small.jpg,1210,0,570
1773052989978,7314,GET_images_small,200,OK,TG_resize_100_threads 1-27,bin,true,,232649,339,100,100,https://edoandcode.com/images/small.jpg,310,0,0
1773052992692,4705,GET_images_small,200,OK,TG_resize_100_threads 1-78,bin,true,,232642,339,100,100,https://edoandcode.com/images/small.jpg,326,0,0
1773052994506,3271,GET_images_small,200,OK,TG_resize_100_threads 1-49,bin,true,,232642,339,100,100,https://edoandcode.com/images/small.jpg,960,0,0
1773052994646,3204,GET_images_small,200,OK,TG_resize_100_threads 1-96,bin,true,,232642,339,100,100,https://edoandcode.com/images/small.jpg,349,0,0
1773052994502,3490,GET_images_small,200,OK,TG_resize_100_threads 1-95,bin,true,,232642,339,100,100,https://edoandcode.com/images/small.jpg,490,0,0
1773052992449,5571,GET_images_small,200,OK,TG_resize_100_threads 1-82,bin,true,,232642,339,100,100,https://edoandcode.com/images/small.jpg,355,0,0
1773052987368,10803,GET_images_small,200,OK,TG_resize_100_threads 1-36,bin,true,,232649,339,100,100,https://edoandcode.com/images/small.jpg,1346,0,0
1773052986545,11646,GET_images_small,200,OK,TG_resize_100_threads 1-25,bin,true,,232642,339,100,100,https://edoandcode.com/images/small.jpg,349,0,0
1773052988365,10255,GET_images_small,200,OK,TG_resize_100_threads 1-8,bin,true,,232642,339,100,100,https://edoandcode.com/images/small.jpg,354,0,0
1773052989060,9590,GET_images_small,200,OK,TG_resize_100_threads 1-6,bin,true,,232642,339,100,100,https://edoandcode.com/images/small.jpg,321,0,0
1773052997777,945,GET_images_small,200,OK,TG_resize_100_threads 1-49,bin,true,,232642,339,100,100,https://edoandcode.com/images/small.jpg,332,0,0
1773052984683,14089,GET_images_small,200,OK,TG_resize_100_threads 1-23,bin,true,,232642,339,100,100,https://edoandcode.com/images/small.jpg,2137,0,0
1773052986969,12033,GET_images_small,200,OK,TG_resize_100_threads 1-67,bin,true,,232642,339,100,100,https://edoandcode.com/images/small.jpg,340,0,0
1773052982066,17103,GET_images_small,200,OK,TG_resize_100_threads 1-64,bin,true,,232649,339,100,100,https://edoandcode.com/images/small.jpg,1911,0,533
1773052997850,1465,GET_images_small,200,OK,TG_resize_100_threads 1-96,bin,true,,232642,339,100,100,https://edoandcode.com/images/small.jpg,354,0,0
1773052987417,12055,GET_images_small,200,OK,TG_resize_100_threads 1-47,bin,true,,232649,339,100,100,https://edoandcode.com/images/small.jpg,311,0,0
1773052997281,2482,GET_images_small,200,OK,TG_resize_100_threads 1-98,bin,true,,232642,339,100,100,https://edoandcode.com/images/small.jpg,493,0,0
1773052985837,14131,GET_images_small,200,OK,TG_resize_100_threads 1-56,bin,true,,232642,339,100,100,https://edoandcode.com/images/small.jpg,363,0,0
1773052992206,7883,GET_images_small,200,OK,TG_resize_100_threads 1-41,bin,true,,232642,339,100,100,https://edoandcode.com/images/small.jpg,291,0,0
1773052998171,1984,GET_images_small,200,OK,TG_resize_100_threads 1-36,bin,true,,232649,339,100,100,https://edoandcode.com/images/small.jpg,378,0,0
1773052996680,3509,GET_images_small,200,OK,TG_resize_100_threads 1-97,bin,true,,232642,339,100,100,https://edoandcode.com/images/small.jpg,607,0,0
1773052988413,12322,GET_images_small,200,OK,TG_resize_100_threads 1-85,bin,true,,232642,339,100,100,https://edoandcode.com/images/small.jpg,831,0,534
1773052985904,14957,GET_images_small,200,OK,TG_resize_100_threads 1-54,bin,true,,232642,339,100,100,https://edoandcode.com/images/small.jpg,1359,0,0
1773052974852,26177,GET_images_small,200,OK,TG_resize_100_threads 1-28,bin,true,,232642,339,100,100,https://edoandcode.com/images/small.jpg,2241,0,0
1773052983637,17585,GET_images_small,200,OK,TG_resize_100_threads 1-58,bin,true,,232642,339,100,100,https://edoandcode.com/images/small.jpg,340,0,0
1773052985874,15353,GET_images_small,200,OK,TG_resize_100_threads 1-59,bin,true,,232642,339,100,100,https://edoandcode.com/images/small.jpg,1382,0,0
1773052998649,2689,GET_images_small,200,OK,TG_resize_100_threads 1-6,bin,true,,232642,339,100,100,https://edoandcode.com/images/small.jpg,309,0,0
1773052987473,14046,GET_images_small,200,OK,TG_resize_100_threads 1-38,bin,true,,232642,339,100,100,https://edoandcode.com/images/small.jpg,1379,0,0
1773052994112,7609,GET_images_small,200,OK,TG_resize_100_threads 1-87,bin,true,,232642,339,100,100,https://edoandcode.com/images/small.jpg,396,0,0
1773052997398,4342,GET_images_small,200,OK,TG_resize_100_threads 1-78,bin,true,,232642,339,100,100,https://edoandcode.com/images/small.jpg,380,0,0
1773052987807,13988,GET_images_small,200,OK,TG_resize_100_threads 1-83,bin,true,,232649,339,100,100,https://edoandcode.com/images/small.jpg,1140,0,555
1773052992502,9344,GET_images_small,200,OK,TG_resize_100_threads 1-20,bin,true,,232642,339,100,100,https://edoandcode.com/images/small.jpg,2493,0,0
1773052978122,23810,GET_images_small,200,OK,TG_resize_100_threads 1-51,bin,true,,232642,339,100,100,https://edoandcode.com/images/small.jpg,1092,0,536
1773052983038,18969,GET_images_small,200,OK,TG_resize_100_threads 1-24,bin,true,,232642,339,100,100,https://edoandcode.com/images/small.jpg,332,0,0
1773052992922,9306,GET_images_small,200,OK,TG_resize_100_threads 1-100,bin,true,,232642,339,100,100,https://edoandcode.com/images/small.jpg,1586,0,1103
1773052992355,10027,GET_images_small,200,OK,TG_resize_100_threads 1-84,bin,true,,232642,339,100,100,https://edoandcode.com/images/small.jpg,322,0,0
1773052986185,16376,GET_images_small,200,OK,TG_resize_100_threads 1-44,bin,true,,232642,339,100,100,https://edoandcode.com/images/small.jpg,322,0,0
1773052998722,3899,GET_images_small,200,OK,TG_resize_100_threads 1-49,bin,true,,232642,339,100,100,https://edoandcode.com/images/small.jpg,297,0,0
1773052993092,9917,GET_images_small,200,OK,TG_resize_100_threads 1-66,bin,true,,232642,339,100,100,https://edoandcode.com/images/small.jpg,2386,0,0
1773052993543,9473,GET_images_small,200,OK,TG_resize_100_threads 1-88,bin,true,,232642,339,100,100,https://edoandcode.com/images/small.jpg,482,0,0
1773052983875,19186,GET_images_small,200,OK,TG_resize_100_threads 1-53,bin,true,,232642,339,100,100,https://edoandcode.com/images/small.jpg,299,0,0
1773052994508,8657,GET_images_small,200,OK,TG_resize_100_threads 1-75,bin,true,,232642,339,100,100,https://edoandcode.com/images/small.jpg,487,0,0
1773052996775,6443,GET_images_small,200,OK,TG_resize_100_threads 1-93,bin,true,,232642,339,100,100,https://edoandcode.com/images/small.jpg,518,0,0
1773052992416,10839,GET_images_small,200,OK,TG_resize_100_threads 1-31,bin,true,,232642,339,100,100,https://edoandcode.com/images/small.jpg,305,0,0
1773053001340,1984,GET_images_small,200,OK,TG_resize_100_threads 1-6,bin,true,,232642,339,100,100,https://edoandcode.com/images/small.jpg,331,0,0
1773052987206,16172,GET_images_small,200,OK,TG_resize_100_threads 1-81,bin,true,,232642,339,100,100,https://edoandcode.com/images/small.jpg,1424,0,563
1773052994025,9369,GET_images_small,200,OK,TG_resize_100_threads 1-57,bin,true,,232642,339,100,100,https://edoandcode.com/images/small.jpg,483,0,0
1773052999315,4111,GET_images_small,200,OK,TG_resize_100_threads 1-96,bin,true,,232642,339,100,100,https://edoandcode.com/images/small.jpg,341,0,0
1773052997992,5439,GET_images_small,200,OK,TG_resize_100_threads 1-95,bin,true,,232642,339,100,100,https://edoandcode.com/images/small.jpg,364,0,0
1773052999764,3675,GET_images_small,200,OK,TG_resize_100_threads 1-98,bin,true,,232642,339,100,100,https://edoandcode.com/images/small.jpg,355,0,0
1773052989088,14383,GET_images_small,200,OK,TG_resize_100_threads 1-14,bin,true,,232642,339,100,100,https://edoandcode.com/images/small.jpg,579,0,0
1773052987240,16282,GET_images_small,200,OK,TG_resize_100_threads 1-35,bin,true,,232642,339,100,100,https://edoandcode.com/images/small.jpg,1267,0,0
1773053000189,3421,GET_images_small,200,OK,TG_resize_100_threads 1-97,bin,true,,232642,339,100,100,https://edoandcode.com/images/small.jpg,357,0,0
1773052975160,28482,GET_images_small,200,OK,TG_resize_100_threads 1-16,bin,true,,232642,339,100,100,https://edoandcode.com/images/small.jpg,306,0,0
1773052994508,9271,GET_images_small,200,OK,TG_resize_100_threads 1-33,bin,true,,232642,339,100,100,https://edoandcode.com/images/small.jpg,487,0,0
1773052992626,11210,GET_images_small,200,OK,TG_resize_100_threads 1-99,bin,true,,232649,339,100,100,https://edoandcode.com/images/small.jpg,2369,0,1882
1773052985995,17989,GET_images_small,200,OK,TG_resize_100_threads 1-77,bin,true,,232642,339,100,100,https://edoandcode.com/images/small.jpg,1713,0,1386
1773052995463,8544,GET_images_small,200,OK,TG_resize_100_threads 1-63,bin,true,,232642,339,100,100,https://edoandcode.com/images/small.jpg,608,0,0
1773052988715,15571,GET_images_small,200,OK,TG_resize_100_threads 1-86,bin,true,,232642,339,100,100,https://edoandcode.com/images/small.jpg,1437,0,539
1773052991129,13237,GET_images_small,200,OK,TG_resize_100_threads 1-94,bin,true,,232649,339,100,100,https://edoandcode.com/images/small.jpg,1681,0,1349
1773052990588,13927,GET_images_small,200,OK,TG_resize_100_threads 1-80,bin,true,,232642,339,100,100,https://edoandcode.com/images/small.jpg,310,0,0
1773052991442,13147,GET_images_small,200,OK,TG_resize_100_threads 1-18,bin,true,,232642,339,100,100,https://edoandcode.com/images/small.jpg,584,0,0
1773052999967,4624,GET_images_small,200,OK,TG_resize_100_threads 1-56,bin,true,,232642,339,100,100,https://edoandcode.com/images/small.jpg,343,0,0
1773052996062,8687,GET_images_small,200,OK,TG_resize_100_threads 1-73,bin,true,,232642,339,100,100,https://edoandcode.com/images/small.jpg,623,0,0
1773052992643,12370,GET_images_small,200,OK,TG_resize_100_threads 1-1,bin,true,,232642,339,100,100,https://edoandcode.com/images/small.jpg,312,0,0
1773052998619,6675,GET_images_small,200,OK,TG_resize_100_threads 1-8,bin,true,,232642,339,100,100,https://edoandcode.com/images/small.jpg,315,0,0
1773052983880,21503,GET_images_small,200,OK,TG_resize_100_threads 1-70,bin,true,,232649,339,100,100,https://edoandcode.com/images/small.jpg,2703,0,2160
1773052997279,8279,GET_images_small,200,OK,TG_resize_100_threads 1-61,bin,true,,232642,339,100,100,https://edoandcode.com/images/small.jpg,495,0,0
1773052998021,7587,GET_images_small,200,OK,TG_resize_100_threads 1-82,bin,true,,232642,339,100,100,https://edoandcode.com/images/small.jpg,376,0,0
1773052996062,9639,GET_images_small,200,OK,TG_resize_100_threads 1-43,bin,true,,232642,339,100,100,https://edoandcode.com/images/small.jpg,623,0,0
1773053003325,2524,GET_images_small,200,OK,TG_resize_100_threads 1-6,bin,true,,232642,339,100,100,https://edoandcode.com/images/small.jpg,328,0,0
1773052988379,17507,GET_images_small,200,OK,TG_resize_100_threads 1-55,bin,true,,232642,339,100,100,https://edoandcode.com/images/small.jpg,327,0,0
1773052996062,9876,GET_images_small,200,OK,TG_resize_100_threads 1-76,bin,true,,232649,339,100,100,https://edoandcode.com/images/small.jpg,621,0,0
1773052991933,14013,GET_images_small,200,OK,TG_resize_100_threads 1-3,bin,true,,232642,339,100,100,https://edoandcode.com/images/small.jpg,339,0,0
1773052984467,21665,GET_images_small,200,OK,TG_resize_100_threads 1-22,bin,true,,232642,339,100,100,https://edoandcode.com/images/small.jpg,616,0,0
1773052989016,17167,GET_images_small,200,OK,TG_resize_100_threads 1-29,bin,true,,232642,339,100,100,https://edoandcode.com/images/small.jpg,311,0,0
1773053000155,6191,GET_images_small,200,OK,TG_resize_100_threads 1-36,bin,true,,232642,339,100,100,https://edoandcode.com/images/small.jpg,328,0,0
1773053001847,4704,GET_images_small,200,OK,TG_resize_100_threads 1-20,bin,true,,232642,339,100,100,https://edoandcode.com/images/small.jpg,316,0,0
1773052999471,7111,GET_images_small,200,OK,TG_resize_100_threads 1-47,bin,true,,232642,339,100,100,https://edoandcode.com/images/small.jpg,338,0,0
1773052983578,23071,GET_images_small,200,OK,TG_resize_100_threads 1-69,bin,true,,232649,339,100,100,https://edoandcode.com/images/small.jpg,2651,0,2089
1773052991838,14873,GET_images_small,200,OK,TG_resize_100_threads 1-5,bin,true,,232642,339,100,100,https://edoandcode.com/images/small.jpg,597,0,0
1773052994585,12251,GET_images_small,200,OK,TG_resize_100_threads 1-34,bin,true,,232642,339,100,100,https://edoandcode.com/images/small.jpg,410,0,0
1773052987765,19433,GET_images_small,200,OK,TG_resize_100_threads 1-42,bin,true,,232642,339,100,100,https://edoandcode.com/images/small.jpg,3437,0,0
1773053004590,2625,GET_images_small,200,OK,TG_resize_100_threads 1-18,bin,true,,232642,339,100,100,https://edoandcode.com/images/small.jpg,329,0,0
1773052992178,15066,GET_images_small,200,OK,TG_resize_100_threads 1-11,bin,true,,232642,339,100,100,https://edoandcode.com/images/small.jpg,299,0,0
1773052990373,17007,GET_images_small,200,OK,TG_resize_100_threads 1-17,bin,true,,232642,339,100,100,https://edoandcode.com/images/small.jpg,329,0,0
1773053003219,4290,GET_images_small,200,OK,TG_resize_100_threads 1-93,bin,true,,232642,339,100,100,https://edoandcode.com/images/small.jpg,308,0,0
1773052990530,17063,GET_images_small,200,OK,TG_resize_100_threads 1-92,bin,true,,232642,339,100,100,https://edoandcode.com/images/small.jpg,862,0,562
1773052985586,22062,GET_images_small,200,OK,TG_resize_100_threads 1-4,bin,true,,232642,339,100,100,https://edoandcode.com/images/small.jpg,339,0,0
1773052996071,11622,GET_images_small,200,OK,TG_resize_100_threads 1-79,bin,true,,232642,339,100,100,https://edoandcode.com/images/small.jpg,614,0,0
1773053003010,5193,GET_images_small,200,OK,TG_resize_100_threads 1-66,bin,true,,232642,339,100,100,https://edoandcode.com/images/small.jpg,331,0,0
1773053000862,7378,GET_images_small,200,OK,TG_resize_100_threads 1-54,bin,true,,232642,339,100,100,https://edoandcode.com/images/small.jpg,367,0,0
1773052992626,15625,GET_images_small,200,OK,TG_resize_100_threads 1-60,bin,true,,232642,339,100,100,https://edoandcode.com/images/small.jpg,307,0,0
1773052987840,20517,GET_images_small,200,OK,TG_resize_100_threads 1-32,bin,true,,232642,339,100,100,https://edoandcode.com/images/small.jpg,307,0,0
1773052996683,11871,GET_images_small,200,OK,TG_resize_100_threads 1-62,bin,true,,232649,339,100,100,https://edoandcode.com/images/small.jpg,2941,0,0
1773053002561,6170,GET_images_small,200,OK,TG_resize_100_threads 1-44,bin,true,,232642,339,100,100,https://edoandcode.com/images/small.jpg,320,0,0
1773052999168,9769,GET_images_small,200,OK,TG_resize_100_threads 1-64,bin,true,,232649,339,100,100,https://edoandcode.com/images/small.jpg,325,0,0
1773053001519,7519,GET_images_small,200,OK,TG_resize_100_threads 1-38,bin,true,,232642,339,100,100,https://edoandcode.com/images/small.jpg,1530,0,0
1773052990833,18316,GET_images_small,200,OK,TG_resize_100_threads 1-15,bin,true,,232642,339,100,100,https://edoandcode.com/images/small.jpg,297,0,0
1773052998771,10403,GET_images_small,200,OK,TG_resize_100_threads 1-23,bin,true,,232642,339,100,100,https://edoandcode.com/images/small.jpg,607,0,0
1773052992470,16713,GET_images_small,200,OK,TG_resize_100_threads 1-89,bin,true,,232642,339,100,100,https://edoandcode.com/images/small.jpg,2520,0,0
1773052990447,18768,GET_images_small,200,OK,TG_resize_100_threads 1-30,bin,true,,232642,339,100,100,https://edoandcode.com/images/small.jpg,602,0,0
1773052990230,19019,GET_images_small,200,OK,TG_resize_100_threads 1-91,bin,true,,232642,339,100,100,https://edoandcode.com/images/small.jpg,5837,0,3798
1773052989766,19531,GET_images_small,200,OK,TG_resize_100_threads 1-48,bin,true,,232642,339,100,100,https://edoandcode.com/images/small.jpg,1350,0,0
1773052991725,17593,GET_images_small,200,OK,TG_resize_100_threads 1-12,bin,true,,232642,339,100,100,https://edoandcode.com/images/small.jpg,308,0,0
1773052992494,16863,GET_images_small,200,OK,TG_resize_100_threads 1-50,bin,true,,232642,339,100,100,https://edoandcode.com/images/small.jpg,1530,0,0
1773053002383,7059,GET_images_small,200,OK,TG_resize_100_threads 1-84,bin,true,,232642,339,100,100,https://edoandcode.com/images/small.jpg,344,0,0
1773053003256,6238,GET_images_small,200,OK,TG_resize_100_threads 1-31,bin,true,,232642,339,100,100,https://edoandcode.com/images/small.jpg,309,0,0
1773052993028,16561,GET_images_small,200,OK,TG_resize_100_threads 1-7,bin,true,,232642,339,100,100,https://edoandcode.com/images/small.jpg,1479,0,0
1773053003166,6472,GET_images_small,200,OK,TG_resize_100_threads 1-75,bin,true,,232642,339,100,100,https://edoandcode.com/images/small.jpg,307,0,0
1773052993087,16614,GET_images_small,200,OK,TG_resize_100_threads 1-40,bin,true,,232642,339,100,100,https://edoandcode.com/images/small.jpg,6025,0,0
1773052996670,13074,GET_images_small,200,OK,TG_resize_100_threads 1-65,bin,true,,232642,339,100,100,https://edoandcode.com/images/small.jpg,615,0,0
1773052997277,12668,GET_images_small,200,OK,TG_resize_100_threads 1-72,bin,true,,232649,339,100,100,https://edoandcode.com/images/small.jpg,497,0,0
1773052988636,21387,GET_images_small,200,OK,TG_resize_100_threads 1-46,bin,true,,232642,339,100,100,https://edoandcode.com/images/small.jpg,350,0,0
1773052989050,21017,GET_images_small,200,OK,TG_resize_100_threads 1-37,bin,true,,232642,339,100,100,https://edoandcode.com/images/small.jpg,314,0,0
1773052998190,11903,GET_images_small,200,OK,TG_resize_100_threads 1-25,bin,true,,232642,339,100,100,https://edoandcode.com/images/small.jpg,1566,0,0
1773053001030,9116,GET_images_small,200,OK,TG_resize_100_threads 1-28,bin,true,,232642,339,100,100,https://edoandcode.com/images/small.jpg,336,0,0
1773053005383,4811,GET_images_small,200,OK,TG_resize_100_threads 1-70,bin,true,,232642,339,100,100,https://edoandcode.com/images/small.jpg,339,0,0
1773052997291,13024,GET_images_small,200,OK,TG_resize_100_threads 1-27,bin,true,,232649,339,100,100,https://edoandcode.com/images/small.jpg,1682,0,0
1773053003432,7145,GET_images_small,200,OK,TG_resize_100_threads 1-95,bin,true,,232642,339,100,100,https://edoandcode.com/images/small.jpg,592,0,0
1773052992109,18554,GET_images_small,200,OK,TG_resize_100_threads 1-26,bin,true,,232642,339,100,100,https://edoandcode.com/images/small.jpg,595,0,0
1773052978425,32439,GET_images_small,200,OK,TG_resize_100_threads 1-52,bin,true,,232642,339,100,100,https://edoandcode.com/images/small.jpg,3358,0,2833
1773053003644,7349,GET_images_small,200,OK,TG_resize_100_threads 1-16,bin,true,,232642,339,100,100,https://edoandcode.com/images/small.jpg,1514,0,0
1773052989930,21212,GET_images_small,200,OK,TG_resize_100_threads 1-90,bin,true,,232649,339,100,100,https://edoandcode.com/images/small.jpg,1184,0,592
1773053004592,6645,GET_images_small,200,OK,TG_resize_100_threads 1-56,bin,true,,232642,339,100,100,https://edoandcode.com/images/small.jpg,342,0,0
1773053004751,6554,GET_images_small,200,OK,TG_resize_100_threads 1-73,bin,true,,232642,339,100,100,https://edoandcode.com/images/small.jpg,354,0,0
1773053000090,11316,GET_images_small,200,OK,TG_resize_100_threads 1-41,bin,true,,232642,339,100,100,https://edoandcode.com/images/small.jpg,1406,0,0
1773053003061,8597,GET_images_small,200,OK,TG_resize_100_threads 1-53,bin,true,,232642,339,100,100,https://edoandcode.com/images/small.jpg,293,0,0
1773053008204,3737,GET_images_small,200,OK,TG_resize_100_threads 1-66,bin,true,,232642,339,100,100,https://edoandcode.com/images/small.jpg,371,0,0
1773053001227,10765,GET_images_small,200,OK,TG_resize_100_threads 1-59,bin,true,,232642,339,100,100,https://edoandcode.com/images/small.jpg,348,0,0
1773053004008,8140,GET_images_small,200,OK,TG_resize_100_threads 1-63,bin,true,,232642,339,100,100,https://edoandcode.com/images/small.jpg,328,0,0
1773052989250,22940,GET_images_small,200,OK,TG_resize_100_threads 1-45,bin,true,,232642,339,100,100,https://edoandcode.com/images/small.jpg,343,0,0
1773053003471,8731,GET_images_small,200,OK,TG_resize_100_threads 1-14,bin,true,,232642,339,100,100,https://edoandcode.com/images/small.jpg,1331,0,0
1773053003017,9304,GET_images_small,200,OK,TG_resize_100_threads 1-88,bin,true,,232642,339,100,100,https://edoandcode.com/images/small.jpg,305,0,0
1773053008938,3429,GET_images_small,200,OK,TG_resize_100_threads 1-64,bin,true,,232642,339,100,100,https://edoandcode.com/images/small.jpg,351,0,0
1773053007199,5535,GET_images_small,200,OK,TG_resize_100_threads 1-42,bin,true,,232642,339,100,100,https://edoandcode.com/images/small.jpg,307,0,0
1773052996062,16692,GET_images_small,200,OK,TG_resize_100_threads 1-2,bin,true,,232642,339,100,100,https://edoandcode.com/images/small.jpg,618,0,0
1773053009702,3073,GET_images_small,200,OK,TG_resize_100_threads 1-40,bin,true,,232642,339,100,100,https://edoandcode.com/images/small.jpg,343,0,0
1773053001932,11033,GET_images_small,200,OK,TG_resize_100_threads 1-51,bin,true,,232649,339,100,100,https://edoandcode.com/images/small.jpg,334,0,0
1773053003780,9400,GET_images_small,200,OK,TG_resize_100_threads 1-33,bin,true,,232649,339,100,100,https://edoandcode.com/images/small.jpg,319,0,0
1773053003440,10130,GET_images_small,200,OK,TG_resize_100_threads 1-98,bin,true,,232642,339,100,100,https://edoandcode.com/images/small.jpg,1099,0,0
1773052997277,16390,GET_images_small,200,OK,TG_resize_100_threads 1-21,bin,true,,232642,339,100,100,https://edoandcode.com/images/small.jpg,1721,0,0
1773053006132,7599,GET_images_small,200,OK,TG_resize_100_threads 1-22,bin,true,,232642,339,100,100,https://edoandcode.com/images/small.jpg,1406,0,0
1773053002007,11924,GET_images_small,200,OK,TG_resize_100_threads 1-24,bin,true,,232642,339,100,100,https://edoandcode.com/images/small.jpg,1582,0,0
1773053011941,2002,GET_images_small,200,OK,TG_resize_100_threads 1-66,bin,true,,232642,339,100,100,https://edoandcode.com/images/small.jpg,324,0,0
1773052986962,27054,GET_images_small,200,OK,TG_resize_100_threads 1-68,bin,true,,232642,339,100,100,https://edoandcode.com/images/small.jpg,5321,0,0
1773053001222,12850,GET_images_small,200,OK,TG_resize_100_threads 1-58,bin,true,,232642,339,100,100,https://edoandcode.com/images/small.jpg,349,0,0
1773053009175,5166,GET_images_small,200,OK,TG_resize_100_threads 1-23,bin,true,,232642,339,100,100,https://edoandcode.com/images/small.jpg,363,0,0
1773053005559,8970,GET_images_small,200,OK,TG_resize_100_threads 1-61,bin,true,,232642,339,100,100,https://edoandcode.com/images/small.jpg,341,0,0
1773052990884,23749,GET_images_small,200,OK,TG_resize_100_threads 1-10,bin,true,,232642,339,100,100,https://edoandcode.com/images/small.jpg,345,0,0
1773052994987,19680,GET_images_small,200,OK,TG_resize_100_threads 1-74,bin,true,,232642,339,100,100,https://edoandcode.com/images/small.jpg,1790,0,0
1773053009038,5753,GET_images_small,200,OK,TG_resize_100_threads 1-38,bin,true,,232642,339,100,100,https://edoandcode.com/images/small.jpg,344,0,0
1773053005703,9088,GET_images_small,200,OK,TG_resize_100_threads 1-43,bin,true,,232642,339,100,100,https://edoandcode.com/images/small.jpg,1390,0,0
1773053010993,3998,GET_images_small,200,OK,TG_resize_100_threads 1-16,bin,true,,232642,339,100,100,https://edoandcode.com/images/small.jpg,356,0,0
1773053011305,3738,GET_images_small,200,OK,TG_resize_100_threads 1-73,bin,true,,232642,339,100,100,https://edoandcode.com/images/small.jpg,331,0,0
1773053009745,5332,GET_images_small,200,OK,TG_resize_100_threads 1-65,bin,true,,232642,339,100,100,https://edoandcode.com/images/small.jpg,320,0,0
1773053010194,4922,GET_images_small,200,OK,TG_resize_100_threads 1-70,bin,true,,232642,339,100,100,https://edoandcode.com/images/small.jpg,323,0,0
1773053003985,11336,GET_images_small,200,OK,TG_resize_100_threads 1-77,bin,true,,232642,339,100,100,https://edoandcode.com/images/small.jpg,321,0,0
1773053007215,8233,GET_images_small,200,OK,TG_resize_100_threads 1-18,bin,true,,232642,339,100,100,https://edoandcode.com/images/small.jpg,343,0,0
1773053005886,9835,GET_images_small,200,OK,TG_resize_100_threads 1-55,bin,true,,232642,339,100,100,https://edoandcode.com/images/small.jpg,326,0,0
1773052999001,16738,GET_images_small,200,OK,TG_resize_100_threads 1-67,bin,true,,232642,339,100,100,https://edoandcode.com/images/small.jpg,343,0,0
1773053007381,8450,GET_images_small,200,OK,TG_resize_100_threads 1-17,bin,true,,232642,339,100,100,https://edoandcode.com/images/small.jpg,342,0,0
1773052990882,25218,GET_images_small,200,OK,TG_resize_100_threads 1-39,bin,true,,232642,339,100,100,https://edoandcode.com/images/small.jpg,321,0,0
1773053004286,11829,GET_images_small,200,OK,TG_resize_100_threads 1-86,bin,true,,232642,339,100,100,https://edoandcode.com/images/small.jpg,347,0,0
1773053006837,9305,GET_images_small,200,OK,TG_resize_100_threads 1-34,bin,true,,232649,339,100,100,https://edoandcode.com/images/small.jpg,312,0,0
1773053012776,3444,GET_images_small,200,OK,TG_resize_100_threads 1-40,bin,true,,232642,339,100,100,https://edoandcode.com/images/small.jpg,347,0,0
1773052987503,28717,GET_images_small,200,OK,TG_resize_100_threads 1-9,bin,true,,232642,339,100,100,https://edoandcode.com/images/small.jpg,3187,0,0
1773053005849,10542,GET_images_small,200,OK,TG_resize_100_threads 1-6,bin,true,,232642,339,100,100,https://edoandcode.com/images/small.jpg,336,0,0
1773053001741,14694,GET_images_small,200,OK,TG_resize_100_threads 1-78,bin,true,,232642,339,100,100,https://edoandcode.com/images/small.jpg,305,0,0
1773053008731,7877,GET_images_small,200,OK,TG_resize_100_threads 1-44,bin,true,,232642,339,100,100,https://edoandcode.com/images/small.jpg,354,0,0
1773053014634,1991,GET_images_small,200,OK,TG_resize_100_threads 1-10,bin,true,,232642,339,100,100,https://edoandcode.com/images/small.jpg,316,0,0
1773053006584,10129,GET_images_small,200,OK,TG_resize_100_threads 1-47,bin,true,,232642,339,100,100,https://edoandcode.com/images/small.jpg,333,0,0
1773053003396,13371,GET_images_small,200,OK,TG_resize_100_threads 1-57,bin,true,,232642,339,100,100,https://edoandcode.com/images/small.jpg,308,0,0
1773053006551,10272,GET_images_small,200,OK,TG_resize_100_threads 1-20,bin,true,,232642,339,100,100,https://edoandcode.com/images/small.jpg,359,0,0
1773053005014,12060,GET_images_small,200,OK,TG_resize_100_threads 1-1,bin,true,,232642,339,100,100,https://edoandcode.com/images/small.jpg,349,0,0
1773053013943,3182,GET_images_small,200,OK,TG_resize_100_threads 1-66,bin,true,,232642,339,100,100,https://edoandcode.com/images/small.jpg,354,0,0
1773053005610,11676,GET_images_small,200,OK,TG_resize_100_threads 1-82,bin,true,,232642,339,100,100,https://edoandcode.com/images/small.jpg,339,0,0
1773053003838,13517,GET_images_small,200,OK,TG_resize_100_threads 1-99,bin,true,,232642,339,100,100,https://edoandcode.com/images/small.jpg,356,0,0
1773053012202,5279,GET_images_small,200,OK,TG_resize_100_threads 1-14,bin,true,,232642,339,100,100,https://edoandcode.com/images/small.jpg,312,0,0
1773052989486,28259,GET_images_small,200,OK,TG_resize_100_threads 1-19,bin,true,,232649,339,100,100,https://edoandcode.com/images/small.jpg,1258,0,0
1773053000735,17137,GET_images_small,200,OK,TG_resize_100_threads 1-85,bin,true,,232642,339,100,100,https://edoandcode.com/images/small.jpg,329,0,0
1773053009639,8448,GET_images_small,200,OK,TG_resize_100_threads 1-75,bin,true,,232642,339,100,100,https://edoandcode.com/images/small.jpg,314,0,0
1773053003611,14492,GET_images_small,200,OK,TG_resize_100_threads 1-97,bin,true,,232642,339,100,100,https://edoandcode.com/images/small.jpg,1514,0,0
1773053009216,8945,GET_images_small,200,OK,TG_resize_100_threads 1-30,bin,true,,232642,339,100,100,https://edoandcode.com/images/small.jpg,337,0,0
1773053012321,5876,GET_images_small,200,OK,TG_resize_100_threads 1-88,bin,true,,232642,339,100,100,https://edoandcode.com/images/small.jpg,378,0,0
1773053016624,1715,GET_images_small,200,OK,TG_resize_100_threads 1-10,bin,true,,232642,339,100,100,https://edoandcode.com/images/small.jpg,324,0,0
1773053006713,12005,GET_images_small,200,OK,TG_resize_100_threads 1-5,bin,true,,232642,339,100,100,https://edoandcode.com/images/small.jpg,312,0,0
1773053008240,10578,GET_images_small,200,OK,TG_resize_100_threads 1-54,bin,true,,232642,339,100,100,https://edoandcode.com/images/small.jpg,1386,0,0
1773053006347,12532,GET_images_small,200,OK,TG_resize_100_threads 1-36,bin,true,,232642,339,100,100,https://edoandcode.com/images/small.jpg,609,0,0
1773053001795,17133,GET_images_small,200,OK,TG_resize_100_threads 1-83,bin,true,,232649,339,100,100,https://edoandcode.com/images/small.jpg,1471,0,0
1773053014341,4640,GET_images_small,200,OK,TG_resize_100_threads 1-23,bin,true,,232642,339,100,100,https://edoandcode.com/images/small.jpg,360,0,0
1773053003427,15594,GET_images_small,200,OK,TG_resize_100_threads 1-96,bin,true,,232642,339,100,100,https://edoandcode.com/images/small.jpg,309,0,0
1773053005947,13215,GET_images_small,200,OK,TG_resize_100_threads 1-3,bin,true,,232642,339,100,100,https://edoandcode.com/images/small.jpg,322,0,0
1773053009946,9233,GET_images_small,200,OK,TG_resize_100_threads 1-72,bin,true,,232642,339,100,100,https://edoandcode.com/images/small.jpg,353,0,0
1773053003522,15718,GET_images_small,200,OK,TG_resize_100_threads 1-35,bin,true,,232642,339,100,100,https://edoandcode.com/images/small.jpg,289,0,0
1773053012756,6489,GET_images_small,200,OK,TG_resize_100_threads 1-2,bin,true,,232642,339,100,100,https://edoandcode.com/images/small.jpg,334,0,0
1773053008555,10941,GET_images_small,200,OK,TG_resize_100_threads 1-62,bin,true,,232649,339,100,100,https://edoandcode.com/images/small.jpg,344,0,0
1773053010664,8959,GET_images_small,200,OK,TG_resize_100_threads 1-26,bin,true,,232642,339,100,100,https://edoandcode.com/images/small.jpg,334,0,0
1773053010577,9056,GET_images_small,200,OK,TG_resize_100_threads 1-95,bin,true,,232642,339,100,100,https://edoandcode.com/images/small.jpg,340,0,0
1773053002229,17440,GET_images_small,200,OK,TG_resize_100_threads 1-100,bin,true,,232642,339,100,100,https://edoandcode.com/images/small.jpg,3071,0,0
1773053007594,12119,GET_images_small,200,OK,TG_resize_100_threads 1-92,bin,true,,232642,339,100,100,https://edoandcode.com/images/small.jpg,321,0,0
1773053010094,9655,GET_images_small,200,OK,TG_resize_100_threads 1-25,bin,true,,232642,339,100,100,https://edoandcode.com/images/small.jpg,299,0,0
1773053012368,7383,GET_images_small,200,OK,TG_resize_100_threads 1-64,bin,true,,232642,339,100,100,https://edoandcode.com/images/small.jpg,353,0,0
1773053016219,3693,GET_images_small,200,OK,TG_resize_100_threads 1-40,bin,true,,232642,339,100,100,https://edoandcode.com/images/small.jpg,324,0,0
1773053002622,17299,GET_images_small,200,OK,TG_resize_100_threads 1-49,bin,true,,232642,339,100,100,https://edoandcode.com/images/small.jpg,324,0,0
1773053011237,8962,GET_images_small,200,OK,TG_resize_100_threads 1-56,bin,true,,232642,339,100,100,https://edoandcode.com/images/small.jpg,355,0,0
1773053011142,9156,GET_images_small,200,OK,TG_resize_100_threads 1-90,bin,true,,232649,339,100,100,https://edoandcode.com/images/small.jpg,353,0,0
1773053006183,14186,GET_images_small,200,OK,TG_resize_100_threads 1-29,bin,true,,232649,339,100,100,https://edoandcode.com/images/small.jpg,325,0,0
1773053008252,12370,GET_images_small,200,OK,TG_resize_100_threads 1-60,bin,true,,232642,339,100,100,https://edoandcode.com/images/small.jpg,320,0,0
1773053008357,12617,GET_images_small,200,OK,TG_resize_100_threads 1-32,bin,true,,232642,339,100,100,https://edoandcode.com/images/small.jpg,2138,0,0
1773053009590,11544,GET_images_small,200,OK,TG_resize_100_threads 1-7,bin,true,,232642,339,100,100,https://edoandcode.com/images/small.jpg,1844,0,0
1773053014791,6487,GET_images_small,200,OK,TG_resize_100_threads 1-43,bin,true,,232642,339,100,100,https://edoandcode.com/images/small.jpg,337,0,0
1773053005295,16006,GET_images_small,200,OK,TG_resize_100_threads 1-8,bin,true,,232642,339,100,100,https://edoandcode.com/images/small.jpg,351,0,0
1773053011407,9925,GET_images_small,200,OK,TG_resize_100_threads 1-41,bin,true,,232642,339,100,100,https://edoandcode.com/images/small.jpg,1856,0,0
1773053007648,13797,GET_images_small,200,OK,TG_resize_100_threads 1-4,bin,true,,232642,339,100,100,https://edoandcode.com/images/small.jpg,335,0,0
1773053009297,12255,GET_images_small,200,OK,TG_resize_100_threads 1-48,bin,true,,232642,339,100,100,https://edoandcode.com/images/small.jpg,302,0,0
1773053004368,17207,GET_images_small,200,OK,TG_resize_100_threads 1-94,bin,true,,232649,339,100,100,https://edoandcode.com/images/small.jpg,331,0,0
1773053017481,4107,GET_images_small,200,OK,TG_resize_100_threads 1-14,bin,true,,232642,339,100,100,https://edoandcode.com/images/small.jpg,322,0,0
1773053010316,11273,GET_images_small,200,OK,TG_resize_100_threads 1-27,bin,true,,232649,339,100,100,https://edoandcode.com/images/small.jpg,328,0,0
1773053009495,12209,GET_images_small,200,OK,TG_resize_100_threads 1-31,bin,true,,232642,339,100,100,https://edoandcode.com/images/small.jpg,343,0,0
1773053018339,3481,GET_images_small,200,OK,TG_resize_100_threads 1-10,bin,true,,232642,339,100,100,https://edoandcode.com/images/small.jpg,329,0,0
1773053009251,12645,GET_images_small,200,OK,TG_resize_100_threads 1-91,bin,true,,232649,339,100,100,https://edoandcode.com/images/small.jpg,1957,0,0
1773053010864,11210,GET_images_small,200,OK,TG_resize_100_threads 1-52,bin,true,,232642,339,100,100,https://edoandcode.com/images/small.jpg,611,0,0
1773053013731,8411,GET_images_small,200,OK,TG_resize_100_threads 1-22,bin,true,,232642,339,100,100,https://edoandcode.com/images/small.jpg,312,0,0
1773053018878,3405,GET_images_small,200,OK,TG_resize_100_threads 1-36,bin,true,,232642,339,100,100,https://edoandcode.com/images/small.jpg,319,0,0
1773053003378,18911,GET_images_small,200,OK,TG_resize_100_threads 1-81,bin,true,,232642,339,100,100,https://edoandcode.com/images/small.jpg,314,0,0
1773053004516,17988,GET_images_small,200,OK,TG_resize_100_threads 1-80,bin,true,,232642,339,100,100,https://edoandcode.com/images/small.jpg,1394,0,0
1773053019632,3012,GET_images_small,200,OK,TG_resize_100_threads 1-95,bin,true,,232642,339,100,100,https://edoandcode.com/images/small.jpg,314,0,0
1773053017124,5573,GET_images_small,200,OK,TG_resize_100_threads 1-66,bin,true,,232642,339,100,100,https://edoandcode.com/images/small.jpg,332,0,0
1773053001722,21134,GET_images_small,200,OK,TG_resize_100_threads 1-87,bin,true,,232642,339,100,100,https://edoandcode.com/images/small.jpg,290,0,0
1773053007245,15660,GET_images_small,200,OK,TG_resize_100_threads 1-11,bin,true,,232642,339,100,100,https://edoandcode.com/images/small.jpg,327,0,0
1773053015447,7527,GET_images_small,200,OK,TG_resize_100_threads 1-18,bin,true,,232642,339,100,100,https://edoandcode.com/images/small.jpg,319,0,0
1773053015077,8074,GET_images_small,200,OK,TG_resize_100_threads 1-65,bin,true,,232642,339,99,99,https://edoandcode.com/images/small.jpg,324,0,0
1773053010024,13197,GET_images_small,200,OK,TG_resize_100_threads 1-46,bin,true,,232649,339,98,98,https://edoandcode.com/images/small.jpg,354,0,0
1773053006649,16656,GET_images_small,200,OK,TG_resize_100_threads 1-69,bin,true,,232642,339,97,97,https://edoandcode.com/images/small.jpg,323,0,0
1773053014992,8498,GET_images_small,200,OK,TG_resize_100_threads 1-16,bin,true,,232642,339,96,96,https://edoandcode.com/images/small.jpg,351,0,0
1773053012190,11310,GET_images_small,200,OK,TG_resize_100_threads 1-45,bin,true,,232642,339,95,95,https://edoandcode.com/images/small.jpg,329,0,0
1773053007694,15857,GET_images_small,200,OK,TG_resize_100_threads 1-79,bin,true,,232642,339,94,94,https://edoandcode.com/images/small.jpg,338,0,0
1773053019161,4560,GET_images_small,200,OK,TG_resize_100_threads 1-3,bin,true,,232642,339,93,93,https://edoandcode.com/images/small.jpg,352,0,0
1773053010068,13801,GET_images_small,200,OK,TG_resize_100_threads 1-37,bin,true,,232642,339,92,92,https://edoandcode.com/images/small.jpg,1501,0,0
1773053014668,9208,GET_images_small,200,OK,TG_resize_100_threads 1-74,bin,true,,232649,339,91,91,https://edoandcode.com/images/small.jpg,309,0,0
1773053009319,14631,GET_images_small,200,OK,TG_resize_100_threads 1-12,bin,true,,232642,339,90,90,https://edoandcode.com/images/small.jpg,314,0,0
1773053012965,11030,GET_images_small,200,OK,TG_resize_100_threads 1-51,bin,true,,232649,339,89,89,https://edoandcode.com/images/small.jpg,312,0,0
1773053009443,14611,GET_images_small,200,OK,TG_resize_100_threads 1-84,bin,true,,232642,339,88,88,https://edoandcode.com/images/small.jpg,336,0,0
1773053007509,16809,GET_images_small,200,OK,TG_resize_100_threads 1-93,bin,true,,232642,339,87,87,https://edoandcode.com/images/small.jpg,1831,0,0
1773053015720,8651,GET_images_small,200,OK,TG_resize_100_threads 1-55,bin,true,,232642,339,86,86,https://edoandcode.com/images/small.jpg,318,0,0
1773053011658,12811,GET_images_small,200,OK,TG_resize_100_threads 1-53,bin,true,,232642,339,85,85,https://edoandcode.com/images/small.jpg,336,0,0
1773053016822,7678,GET_images_small,200,OK,TG_resize_100_threads 1-20,bin,true,,232642,339,84,84,https://edoandcode.com/images/small.jpg,319,0,0
1773053019921,4670,GET_images_small,200,OK,TG_resize_100_threads 1-49,bin,true,,232642,339,83,83,https://edoandcode.com/images/small.jpg,321,0,0
1773053017286,7372,GET_images_small,200,OK,TG_resize_100_threads 1-82,bin,true,,232642,339,82,82,https://edoandcode.com/images/small.jpg,319,0,0
1773053009358,15343,GET_images_small,200,OK,TG_resize_100_threads 1-50,bin,true,,232642,339,81,81,https://edoandcode.com/images/small.jpg,307,0,0
1773053015320,9458,GET_images_small,200,OK,TG_resize_100_threads 1-77,bin,true,,232649,339,80,80,https://edoandcode.com/images/small.jpg,329,0,0
1773053018817,6142,GET_images_small,200,OK,TG_resize_100_threads 1-54,bin,true,,232642,339,79,79,https://edoandcode.com/images/small.jpg,349,0,0
1773052986975,38127,GET_images_small,200,OK,TG_resize_100_threads 1-71,bin,true,,232642,339,78,78,https://edoandcode.com/images/small.jpg,2987,0,0
1773053016713,8503,GET_images_small,200,OK,TG_resize_100_threads 1-47,bin,true,,232649,339,77,77,https://edoandcode.com/images/small.jpg,330,0,0
1773053005939,19423,GET_images_small,200,OK,TG_resize_100_threads 1-76,bin,true,,232649,339,76,76,https://edoandcode.com/images/small.jpg,322,0,0
1773053013180,12188,GET_images_small,200,OK,TG_resize_100_threads 1-33,bin,true,,232642,339,75,75,https://edoandcode.com/images/small.jpg,309,0,0
1773053013931,11484,GET_images_small,200,OK,TG_resize_100_threads 1-24,bin,true,,232642,339,74,74,https://edoandcode.com/images/small.jpg,344,0,0
1773053009185,16234,GET_images_small,200,OK,TG_resize_100_threads 1-89,bin,true,,232642,339,73,73,https://edoandcode.com/images/small.jpg,324,0,0
1773053017073,8683,GET_images_small,200,OK,TG_resize_100_threads 1-1,bin,true,,232642,339,72,72,https://edoandcode.com/images/small.jpg,341,0,0
1773053016219,9748,GET_images_small,200,OK,TG_resize_100_threads 1-9,bin,true,,232642,339,71,71,https://edoandcode.com/images/small.jpg,334,0,0
1773053022645,3441,GET_images_small,200,OK,TG_resize_100_threads 1-95,bin,true,,232642,339,70,70,https://edoandcode.com/images/small.jpg,335,0,0
1773053016766,9420,GET_images_small,200,OK,TG_resize_100_threads 1-57,bin,true,,232642,339,69,69,https://edoandcode.com/images/small.jpg,329,0,0
1773053021445,4869,GET_images_small,200,OK,TG_resize_100_threads 1-4,bin,true,,232642,339,68,68,https://edoandcode.com/images/small.jpg,337,0,0
1773053014072,12281,GET_images_small,200,OK,TG_resize_100_threads 1-58,bin,true,,232642,339,67,67,https://edoandcode.com/images/small.jpg,322,0,0
1773052977650,48829,GET_images_small,200,OK,TG_resize_100_threads 1-13,bin,true,,232642,339,66,66,https://edoandcode.com/images/small.jpg,1867,0,0
1773053011992,14558,GET_images_small,200,OK,TG_resize_100_threads 1-59,bin,true,,232642,339,65,65,https://edoandcode.com/images/small.jpg,346,0,0
1773053019668,6961,GET_images_small,200,OK,TG_resize_100_threads 1-100,bin,true,,232642,339,64,64,https://edoandcode.com/images/small.jpg,317,0,0
1773053022284,4387,GET_images_small,200,OK,TG_resize_100_threads 1-36,bin,true,,232642,339,63,63,https://edoandcode.com/images/small.jpg,344,0,0
1773053021332,5368,GET_images_small,200,OK,TG_resize_100_threads 1-41,bin,true,,232642,339,62,62,https://edoandcode.com/images/small.jpg,298,0,0
1773053021278,5490,GET_images_small,200,OK,TG_resize_100_threads 1-43,bin,true,,232642,339,61,61,https://edoandcode.com/images/small.jpg,331,0,0
1773053012734,14143,GET_images_small,200,OK,TG_resize_100_threads 1-42,bin,true,,232642,339,60,60,https://edoandcode.com/images/small.jpg,349,0,0
1773053021575,5320,GET_images_small,200,OK,TG_resize_100_threads 1-94,bin,true,,232642,339,59,59,https://edoandcode.com/images/small.jpg,345,0,0
1773053016141,10772,GET_images_small,200,OK,TG_resize_100_threads 1-34,bin,true,,232649,339,58,58,https://edoandcode.com/images/small.jpg,1337,0,0
1773053019913,7064,GET_images_small,200,OK,TG_resize_100_threads 1-40,bin,true,,232642,339,57,57,https://edoandcode.com/images/small.jpg,342,0,0
1773053015830,11254,GET_images_small,200,OK,TG_resize_100_threads 1-17,bin,true,,232642,339,56,56,https://edoandcode.com/images/small.jpg,321,0,0
1773053016434,10674,GET_images_small,200,OK,TG_resize_100_threads 1-78,bin,true,,232642,339,55,55,https://edoandcode.com/images/small.jpg,290,0,0
1773053009150,18077,GET_images_small,200,OK,TG_resize_100_threads 1-15,bin,true,,232642,339,54,54,https://edoandcode.com/images/small.jpg,612,0,0
1773053014017,13353,GET_images_small,200,OK,TG_resize_100_threads 1-68,bin,true,,232642,339,53,53,https://edoandcode.com/images/small.jpg,309,0,0
1773053010146,17264,GET_images_small,200,OK,TG_resize_100_threads 1-28,bin,true,,232642,339,52,52,https://edoandcode.com/images/small.jpg,308,0,0
1773053022074,5389,GET_images_small,200,OK,TG_resize_100_threads 1-52,bin,true,,232649,339,51,51,https://edoandcode.com/images/small.jpg,337,0,0
1773053021134,6337,GET_images_small,200,OK,TG_resize_100_threads 1-7,bin,true,,232642,339,50,50,https://edoandcode.com/images/small.jpg,332,0,0
1773053017871,9613,GET_images_small,200,OK,TG_resize_100_threads 1-85,bin,true,,232642,339,49,49,https://edoandcode.com/images/small.jpg,349,0,0
1773053015739,11840,GET_images_small,200,OK,TG_resize_100_threads 1-67,bin,true,,232642,339,48,48,https://edoandcode.com/images/small.jpg,348,0,0
1773053013570,14052,GET_images_small,200,OK,TG_resize_100_threads 1-98,bin,true,,232642,339,47,47,https://edoandcode.com/images/small.jpg,334,0,0
1773053021589,6033,GET_images_small,200,OK,TG_resize_100_threads 1-14,bin,true,,232642,339,47,47,https://edoandcode.com/images/small.jpg,890,0,0
1773053021704,5926,GET_images_small,200,OK,TG_resize_100_threads 1-31,bin,true,,232642,339,45,45,https://edoandcode.com/images/small.jpg,350,0,0
1773053018160,9602,GET_images_small,200,OK,TG_resize_100_threads 1-30,bin,true,,232642,339,44,44,https://edoandcode.com/images/small.jpg,325,0,0
1773053014791,13043,GET_images_small,200,OK,TG_resize_100_threads 1-38,bin,true,,232642,339,43,43,https://edoandcode.com/images/small.jpg,347,0,0
1773053019712,8148,GET_images_small,200,OK,TG_resize_100_threads 1-92,bin,true,,232642,339,42,42,https://edoandcode.com/images/small.jpg,316,0,0
1773053018927,8989,GET_images_small,200,OK,TG_resize_100_threads 1-83,bin,true,,232649,339,41,41,https://edoandcode.com/images/small.jpg,307,0,0
1773053018717,9257,GET_images_small,200,OK,TG_resize_100_threads 1-5,bin,true,,232642,339,40,40,https://edoandcode.com/images/small.jpg,310,0,0
1773053021897,6082,GET_images_small,200,OK,TG_resize_100_threads 1-91,bin,true,,232649,339,39,39,https://edoandcode.com/images/small.jpg,348,0,0
1773053022905,5109,GET_images_small,200,OK,TG_resize_100_threads 1-11,bin,true,,232642,339,38,38,https://edoandcode.com/images/small.jpg,345,0,0
1773053016607,11422,GET_images_small,200,OK,TG_resize_100_threads 1-44,bin,true,,232642,339,37,37,https://edoandcode.com/images/small.jpg,327,0,0
1773053020974,7078,GET_images_small,200,OK,TG_resize_100_threads 1-32,bin,true,,232642,339,36,36,https://edoandcode.com/images/small.jpg,350,0,0
1773053018086,10027,GET_images_small,200,OK,TG_resize_100_threads 1-75,bin,true,,232642,339,35,35,https://edoandcode.com/images/small.jpg,304,0,0
1773053017354,10825,GET_images_small,200,OK,TG_resize_100_threads 1-99,bin,true,,232642,339,34,34,https://edoandcode.com/images/small.jpg,339,0,0
1773053019749,8444,GET_images_small,200,OK,TG_resize_100_threads 1-25,bin,true,,232642,339,33,33,https://edoandcode.com/images/small.jpg,313,0,0
1773053016114,12118,GET_images_small,200,OK,TG_resize_100_threads 1-86,bin,true,,232649,339,32,32,https://edoandcode.com/images/small.jpg,351,0,0
1773053022289,5973,GET_images_small,200,OK,TG_resize_100_threads 1-81,bin,true,,232649,339,31,31,https://edoandcode.com/images/small.jpg,1900,0,0
1773053014529,13755,GET_images_small,200,OK,TG_resize_100_threads 1-61,bin,true,,232642,339,30,30,https://edoandcode.com/images/small.jpg,1387,0,0
1773053019178,9154,GET_images_small,200,OK,TG_resize_100_threads 1-72,bin,true,,232642,339,29,29,https://edoandcode.com/images/small.jpg,346,0,0
1773053013668,14699,GET_images_small,200,OK,TG_resize_100_threads 1-21,bin,true,,232642,339,28,28,https://edoandcode.com/images/small.jpg,334,0,0
1773053022856,5558,GET_images_small,200,OK,TG_resize_100_threads 1-87,bin,true,,232642,339,27,27,https://edoandcode.com/images/small.jpg,302,0,0
1773053018103,10329,GET_images_small,200,OK,TG_resize_100_threads 1-97,bin,true,,232642,339,26,26,https://edoandcode.com/images/small.jpg,326,0,0
1773053019020,9414,GET_images_small,200,OK,TG_resize_100_threads 1-96,bin,true,,232642,339,25,25,https://edoandcode.com/images/small.jpg,1855,0,0
1773053015116,13332,GET_images_small,200,OK,TG_resize_100_threads 1-70,bin,true,,232642,339,24,24,https://edoandcode.com/images/small.jpg,5408,0,0
1773053020198,8258,GET_images_small,200,OK,TG_resize_100_threads 1-56,bin,true,,232642,339,23,23,https://edoandcode.com/images/small.jpg,318,0,0
1773053019495,9079,GET_images_small,200,OK,TG_resize_100_threads 1-62,bin,true,,232642,339,22,22,https://edoandcode.com/images/small.jpg,354,0,0
1773053017745,10863,GET_images_small,200,OK,TG_resize_100_threads 1-19,bin,true,,232642,339,21,21,https://edoandcode.com/images/small.jpg,365,0,0
1773053021821,6800,GET_images_small,200,OK,TG_resize_100_threads 1-10,bin,true,,232642,339,20,20,https://edoandcode.com/images/small.jpg,363,0,0
1773053018196,10511,GET_images_small,200,OK,TG_resize_100_threads 1-88,bin,true,,232642,339,19,19,https://edoandcode.com/images/small.jpg,1368,0,0
1773053018981,9734,GET_images_small,200,OK,TG_resize_100_threads 1-23,bin,true,,232642,339,18,18,https://edoandcode.com/images/small.jpg,334,0,0
1773053016100,12615,GET_images_small,200,OK,TG_resize_100_threads 1-39,bin,true,,232642,339,18,18,https://edoandcode.com/images/small.jpg,1520,0,0
1773053022143,6581,GET_images_small,200,OK,TG_resize_100_threads 1-22,bin,true,,232642,339,16,16,https://edoandcode.com/images/small.jpg,348,0,0
1773053020622,8103,GET_images_small,200,OK,TG_resize_100_threads 1-60,bin,true,,232649,339,15,15,https://edoandcode.com/images/small.jpg,1357,0,0
1773053012148,16587,GET_images_small,200,OK,TG_resize_100_threads 1-63,bin,true,,232642,339,14,14,https://edoandcode.com/images/small.jpg,314,0,0
1773053022504,6264,GET_images_small,200,OK,TG_resize_100_threads 1-80,bin,true,,232642,339,13,13,https://edoandcode.com/images/small.jpg,342,0,0
1773053021553,7256,GET_images_small,200,OK,TG_resize_100_threads 1-48,bin,true,,232642,339,12,12,https://edoandcode.com/images/small.jpg,323,0,0
1773053019622,9190,GET_images_small,200,OK,TG_resize_100_threads 1-26,bin,true,,232642,339,11,11,https://edoandcode.com/images/small.jpg,309,0,0
1773053020369,8542,GET_images_small,200,OK,TG_resize_100_threads 1-29,bin,true,,232649,339,10,10,https://edoandcode.com/images/small.jpg,1844,0,0
1773053021589,7333,GET_images_small,200,OK,TG_resize_100_threads 1-27,bin,true,,232642,339,9,9,https://edoandcode.com/images/small.jpg,322,0,0
1773053021301,7669,GET_images_small,200,OK,TG_resize_100_threads 1-8,bin,true,,232642,339,8,8,https://edoandcode.com/images/small.jpg,339,0,0
1773053019244,9736,GET_images_small,200,OK,TG_resize_100_threads 1-2,bin,true,,232642,339,7,7,https://edoandcode.com/images/small.jpg,1365,0,0
1773053019239,9837,GET_images_small,200,OK,TG_resize_100_threads 1-35,bin,true,,232642,339,6,6,https://edoandcode.com/images/small.jpg,1326,0,0
1773053016390,12707,GET_images_small,200,OK,TG_resize_100_threads 1-6,bin,true,,232642,339,5,5,https://edoandcode.com/images/small.jpg,285,0,0
1773053019751,9353,GET_images_small,200,OK,TG_resize_100_threads 1-64,bin,true,,232642,339,4,4,https://edoandcode.com/images/small.jpg,321,0,0
1773053022698,6415,GET_images_small,200,OK,TG_resize_100_threads 1-66,bin,true,,232642,339,3,3,https://edoandcode.com/images/small.jpg,599,0,0
1773053015043,14282,GET_images_small,200,OK,TG_resize_100_threads 1-73,bin,true,,232642,339,2,2,https://edoandcode.com/images/small.jpg,331,0,0
1773053020298,9050,GET_images_small,200,OK,TG_resize_100_threads 1-90,bin,true,,232649,339,1,1,https://edoandcode.com/images/small.jpg,329,0,0
